"mz_rt_min","log2FC","AveExpr","t","p","p_adj_BH","log_odds"
"321.18133_7.82",-4.16327647064332,21.6874198641479,-17.5117049522596,5.77103946537663e-25,8.6450171191342e-22,46.4289226754856
"437.12679_1.118",-3.51235494187071,22.0935958989129,-15.8637007100787,7.01670773154311e-23,5.25551409092579e-20,41.7418709074093
"327.23224_8.287",-3.96447729785876,22.2931893007623,-15.1109041747734,6.99393770546505e-22,3.49230622759555e-19,39.4886830464642
"235.04886_6.023",4.63958147579501,22.259166629036,15.0054076787174,9.70650569981528e-22,3.63508638458082e-19,39.167120172264
"208.09677_6.813",4.30653572156248,20.7122946342093,14.7697107951107,2.02878801093235e-21,6.07824888075333e-19,38.4434805955996
"189.0523_6.622",4.43381455405924,21.4256152091205,14.2571198613823,1.03262528736987e-20,2.35890852383352e-18,36.8446520458599
"607.31335_7.231",-3.43228574272861,20.87967446551,-14.2367684357042,1.10229370272594e-20,2.35890852383352e-18,36.7804604099761
"224.07966_0.958",-2.99107971721463,19.3392826194024,-14.1634293848411,1.39529296422106e-20,2.61268607550393e-18,36.5486835370963
"305.08456_1.135",-3.81697330854417,22.4722400773898,-13.7216811711493,5.85514958840504e-20,9.74557120381194e-18,35.1375303357075
"595.34828_7.383",-6.04197718523838,21.6609635335405,-13.4053416508216,1.66045365303151e-19,2.4873595722412e-17,34.1110435573442
"196.09462_6.26",4.47667714839444,20.9365109460372,13.2151852669418,3.12625985549201e-19,4.2573975122973e-17,33.4875847104312
"221.03315_3.733",3.59496725070684,21.3831888809847,13.068626014115,5.10735737042814e-19,6.37568445075112e-17,33.0037737044057
"528.78295_7.234",-4.1204296331781,20.7367134265466,-13.0296958192483,5.82132497393121e-19,6.70795754688381e-17,32.8747784216891
"280.0486_1.408",-2.70101095707657,22.5445432796366,-12.9622710138802,7.30534098139248e-19,7.81671485008995e-17,32.6508880305925
"698.32189_7.77",-3.84291343828249,21.8466611779783,-12.8729330986042,9.8787266420848e-19,9.86555500656202e-17,32.3532996825389
"307.16574_7.271",-3.84277648192051,21.9008292239635,-12.7601174985996,1.44823735012581e-18,1.35591221905529e-16,31.9759873946279
"463.02664_0.901",-3.15415335461979,20.7722435337021,-12.6324416653269,2.2372701232872e-18,1.97142979099072e-16,31.5469328581806
"395.03908_0.902",-3.04180203393208,20.8754875614701,-12.6067724131447,2.44231771824492e-18,2.0325510788505e-16,31.460409904285
"259.06407_0.9",-3.59410063680282,21.0270481908498,-12.5099662066021,3.40217732685785e-18,2.68234822928055e-16,31.133320345609
"698.32208_7.774",-3.77194416657368,21.8676888811818,-12.443431112689,4.27562433314675e-18,3.08189741207906e-16,30.9077911671728
"323.16123_5.624",-3.70652564410618,21.1323893567163,-12.4404005986078,4.32041693282111e-18,3.08189741207906e-16,30.8975049058646
"170.09203_0.933",4.58513263283072,21.2203040086185,12.3700781915699,5.50422856018108e-18,3.74787926506876e-16,30.6584736015806
"472.24536_7.926",-3.26410603167422,21.0091683332802,-12.3334671510201,6.24537867058032e-18,4.06764228196927e-16,30.53377136259
"345.24265_8.275",-4.51348155069333,22.9634890405876,-12.0939621305633,1.43314968111991e-17,8.9452425929901e-16,29.7136326402752
"182.08135_7.413",-3.40189538615412,21.5435115244406,-12.0046001727734,1.95747256794899e-17,1.17291756271504e-15,29.4057038062256
"171.05313_0.921",3.93160662228919,20.5963817590776,11.6405629661876,7.0439430170203e-17,4.05839486134477e-15,28.1405669438125
"307.16554_7.16",-3.36017269768168,20.7957138645229,-11.6293710701447,7.32870700065355e-17,4.06607521739964e-15,28.1014012302789
"206.08129_6.959",4.26425724866414,21.3420875127812,11.535943953727,1.02086617381151e-16,5.46163402989157e-15,27.7738315402059
"116.07099_0.876",3.16559910916499,26.6517412675012,11.4426865235987,1.42271329309074e-16,7.34905004499974e-15,27.4457496120337
"531.01415_0.904",-3.07401352913678,20.6162004256449,-11.3347913360299,2.09157004135641e-16,1.04439064065063e-14,27.0648006770847
"446.88789_0.916",-3.5075427703089,20.6642900724123,-11.3113403251617,2.27472579789813e-16,1.09920620814561e-14,26.9818079396748
"325.17792_6.895",-2.8571550257294,19.9833412563415,-11.2677479131024,2.65934569294902e-16,1.24490620251176e-14,26.8273523326064
"158.96416_0.907",-4.44389383158435,21.8312519260283,-11.2061564435261,3.31745482792106e-16,1.5059234340078e-14,26.6087191207552
"470.22874_8.124",-2.73848034016569,21.3895443255021,-11.1428401444719,4.16613019508281e-16,1.83554795065707e-14,26.3834726510794
"70.06594_0.877",3.02194379477764,24.2146061254831,11.0479966387138,5.86560594192361e-16,2.51047934314331e-14,26.0451443550313
"160.09695_1.13",-3.75868537858057,22.1698136853017,-10.9144152429228,9.51418820851237e-16,3.95895942676431e-14,25.5667662130432
"115.08698_0.877",3.37967160926367,24.5956734318022,10.8523568021994,1.1919891874897e-15,4.82594541313397e-14,25.3437902241715
"345.24266_8.538",-2.86407704262385,22.6381636767196,-10.7909395647759,1.49057923197152e-15,5.80283192783128e-14,25.1226639375867
"378.90026_0.918",-3.71520974550578,20.5706455551312,-10.7872503262156,1.51075063541669e-15,5.80283192783128e-14,25.1093669094376
"362.92629_0.907",-3.71533022410187,20.6704842166124,-10.7728322812716,1.59226008187766e-15,5.96301400663184e-14,25.0573848098528
"253.08162_2.597",-2.48416904197169,22.1758785662147,-10.7303007176139,1.85949608786535e-15,6.79396375517634e-14,24.9039000961919
"428.72435_5.717",-3.3142098212411,20.7670512109675,-10.6185469841229,2.79818498082581e-15,9.98019309827872e-14,24.4995970300714
"613.29801_7.312",-4.38603449431492,21.5913185923053,-10.5713802235091,3.32637452224416e-15,1.15881605449343e-13,24.3285197247306
"424.19273_0.98",4.01012896903633,20.2935774079635,10.5605476213595,3.46125363232047e-15,1.17839953209456e-13,24.2891927146447
"548.18293_1.112",-2.33550943727878,21.5004867825786,-10.4086835099916,6.0512238118035e-15,2.01438517112925e-13,23.7364448254606
"226.95153_0.908",-4.26125882023702,23.4550333401127,-10.3289592823768,8.12184843086822e-15,2.64489759770448e-13,23.4452233048198
"611.3441_8.127",-3.10972945683849,22.6628922578206,-10.2277761892475,1.18115383393522e-14,3.70957745368372e-13,23.0745980340906
"321.22146_8.24",-3.09355869155371,21.2377497137618,-10.226069658332,1.18864965138063e-14,3.70957745368372e-13,23.0683374953167
"251.02271_6.622",3.39827763945351,20.4586280455004,10.2138714044555,1.2436444969354e-14,3.80199889063108e-13,23.0235780057443
"475.32556_7.454",-2.55172294772263,21.1169573478517,-10.1400096533787,1.63599489153163e-14,4.90144069502875e-13,22.7522090933281
"595.34663_7.365",-5.25018722417037,22.1861854470302,-10.0804569311766,2.04165379831103e-14,5.99685762719592e-13,22.5329840443908
"430.914_0.909",-3.68870736345587,20.6628916482738,-9.99275984277575,2.83101500516123e-14,8.15550091871448e-13,22.2094692205433
"201.07189_0.872",3.49707255120363,20.1734023322855,9.92817336943562,3.60341591333249e-14,1.01847491286265e-12,21.9706955528235
"340.18679_6.537",-2.73205115430866,20.0934686645324,-9.8120670831881,5.56581047887858e-14,1.54399705506669e-12,21.5403806032178
"242.58021_0.975",3.78860738155734,19.5486891634821,9.80566236277191,5.70113194687196e-14,1.55278102843895e-12,21.5166037278579
"323.16073_6.972",-4.13436633792532,22.6715087709887,-9.7626503035958,6.69992120385268e-14,1.79222892203059e-12,21.3568200032735
"477.10002_1.565",-2.08581398015667,18.8600674382814,-9.73212377107989,7.51407541666673e-14,1.97475174985382e-12,21.2433072517883
"282.15485_0.939",-1.74753009226449,21.3010903230403,-9.68268190693371,9.04955539429218e-14,2.32048333693601e-12,21.0592645482728
"180.08672_0.886",3.05960626364748,20.8471591346001,9.680056178224,9.13942035241821e-14,2.32048333693601e-12,21.0494838817794
"444.20789_0.931",-1.86184284588654,21.1507847313503,-9.63190219895379,1.09564893610465e-13,2.73547017714128e-12,20.86999585721
"444.20791_0.934",-1.86496388519324,21.1498753312342,-9.60838156210034,1.19721773152038e-13,2.94005272429102e-12,20.7822450557406
"160.09705_4.113",2.48176177517588,20.511010150321,9.60042820644796,1.23366558105915e-13,2.98069522649452e-12,20.7525608076044
"355.26323_8.501",-1.60174756506209,30.3728289076344,-9.40355027564358,2.59669955784123e-13,6.17437450420026e-12,20.0158869909545
"327.05156_0.9",-4.07836844706598,23.2249892100193,-9.38626358454749,2.77252708293843e-13,6.48944620350276e-12,19.9510365531406
"210.06407_0.953",-2.38493499828443,19.3152423662942,-9.36252031245969,3.03372651731451e-13,6.99157280451867e-12,19.861921577174
"319.2425_8.492",-2.38428015334543,23.0730899170993,-9.35340308119418,3.14048378975635e-13,7.12794654099243e-12,19.827689008724
"410.17707_0.977",3.94453069687125,20.1823253176279,9.30705800449962,3.74452508684499e-13,8.37208743297582e-12,19.6535652093941
"90.97727_0.908",-3.58343438508543,24.3347054805386,-9.29186087395102,3.96704485772842e-13,8.66818958029994e-12,19.5964276438291
"224.05176_0.895",2.58369300309033,19.9812117223542,9.29016476927829,3.99269079466419e-13,8.66818958029994e-12,19.5900494754858
"310.11324_1.35",2.58757547879317,27.1888842352691,9.28269528147203,4.10763266213745e-13,8.79033389697414e-12,19.5619577032796
"470.26637_7.253",-2.70813090455958,19.7638561461383,-9.23696148928581,4.88771244660698e-13,1.0312384852137e-11,19.3898561705113
"100.07624_0.999",3.83224642138763,26.5310964778488,9.21018404813096,5.41197321230509e-13,1.12599109333792e-11,19.28900848499
"655.2769_8.41",-2.10583442482239,21.529171970033,-9.14938052522316,6.82230722561822e-13,1.3999748252022e-11,19.0597952884262
"380.09544_0.917",5.88749338069486,20.6902438687086,9.13286191660923,7.26570670907812e-13,1.47081468245933e-11,18.9974728793903
"164.07055_7.272",-1.76363440023753,20.178531905471,-9.10335301049728,8.13118911882297e-13,1.62406950666624e-11,18.8860858333603
"353.24868_7.925",-2.93185596800285,22.7263723969105,-9.09542197511729,8.38099610056555e-13,1.65193844192726e-11,18.8561368906008
"322.61836_7.325",-2.04035664570811,19.0272633194385,-9.04735856144118,1.00689174866036e-12,1.95886212921196e-11,18.6745363589044
"203.15035_1.001",2.22001731937682,25.4758908965975,8.99442738836386,1.23262901250078e-12,2.36727982144381e-11,18.4743389135034
"55.0551_1.003",2.59371666970135,23.4109500060618,8.98073269773271,1.29890333430092e-12,2.46229152768951e-11,18.4225082409953
"258.10997_1.176",3.15927084063605,24.4888473617065,8.9775174816579,1.31497544869934e-12,2.46229152768951e-11,18.4103375032675
"227.00299_1.837",4.3841557479259,22.8153660902051,8.97308311764444,1.33747033030496e-12,2.47349451209485e-11,18.3935506001341
"609.32851_8.082",-3.4337409697314,23.7492412166971,-8.88563248551253,1.86935714572964e-12,3.41499634671097e-11,18.0622012949932
"194.03272_0.921",2.42084132132407,22.8532795254454,8.86200978688443,2.04650696532624e-12,3.69357522175748e-11,17.9726015605759
"342.13958_0.883",6.76568982349313,22.6500843719004,8.8541887609205,2.10880073240395e-12,3.76069463945371e-11,17.9429282087387
"453.34353_7.449",-2.09569930844422,20.0182904627157,-8.83006498920112,2.3132079950187e-12,4.07668891357412e-11,17.8513748317156
"330.17755_1.1",-2.37003736716984,21.937841088407,-8.78062590097415,2.79649405923444e-12,4.87110244271301e-11,17.6636223608105
"593.33342_8.441",-3.76798369050644,24.4220456425156,-8.77423947212624,2.8659162422486e-12,4.93464658722805e-11,17.6393569990265
"172.00642_5.078",3.89111358704172,21.0039434935177,8.73650617559084,3.31291356890091e-12,5.63948241615177e-11,17.4959339874921
"231.98856_0.925",2.99838957344649,22.0128338724127,8.72739242579358,3.43099433419421e-12,5.77486462092463e-11,17.461279079013
"505.24381_7.908",-2.46502669594377,21.1862586886243,-8.72098133592691,3.51658327558078e-12,5.85315749646668e-11,17.4368978069815
"175.14424_0.937",3.12311787977423,22.4921292203716,8.68553500448716,4.03001714794771e-12,6.63402822816008e-11,17.3020489473679
"118.08659_1.001",3.96760513714321,28.8237350760061,8.67514693191283,4.19429627554842e-12,6.7559740008296e-11,17.2625145766615
"118.0866_1.002",3.96760513714321,28.8237350760061,8.67514693191283,4.19429627554842e-12,6.7559740008296e-11,17.2625145766615
"196.09471_5.951",2.79589112929697,20.1788274573322,8.63700169175517,4.85739174079751e-12,7.74082215714327e-11,17.1172865922104
"116.07098_0.876",2.88564542380158,26.5841662399997,8.62501827057443,5.08670914452286e-12,8.02093715631079e-11,17.0716446746056
"344.1819_1.197",-2.67262841593468,22.5677386208142,-8.61063527519982,5.37634984073034e-12,8.3893458973063e-11,17.0168520637756
"302.1347_1.139",-2.40916657158371,23.1659013611635,-8.59850774367627,5.63340617007485e-12,8.69983756986818e-11,16.9706422444647
"595.34791_8.465",-3.45306177661695,23.1686212581686,-8.5955619369768,5.69768707238515e-12,8.70932166778874e-11,16.9594164667463
"182.0813_6.966",-2.83331645472789,22.7281311750567,-8.5867092536696,5.89533009903949e-12,8.92040857410218e-11,16.9256779274752
"292.10261_1.209",2.46865772009752,24.5790441727261,8.58343383407219,5.97018887340242e-12,8.94334293235682e-11,16.9131937946981
"303.17044_7.948",-3.39403497517721,24.5541097429121,-8.56022264996739,6.52874666484323e-12,9.683230201916e-11,16.8247076108575
"208.61069_0.981",2.90864462318157,20.5658407391042,8.5537610966803,6.69337533509689e-12,9.83007475683837e-11,16.800069273163
"484.30208_7.299",-2.48992060944162,22.8617447484882,-8.54846079863312,6.83152487902666e-12,9.93555754250674e-11,16.7798571201905
"531.20314_1.111",3.2587722891965,21.4644702702904,8.50348530465863,8.12520379375024e-12,1.17034185413826e-10,16.6082847597337
"468.24987_7.201",-2.64270069382588,22.1368719302435,-8.45925457923128,9.63727073601825e-12,1.37491729167194e-10,16.4394467723873
"486.2237_7.81",-2.57216065189575,20.4696437494389,-8.41765827378101,1.1316271615115e-11,1.59922404523041e-10,16.2805719886724
"196.03092_0.925",1.86635582561577,18.5024619032409,8.32176271046003,1.63929792212237e-11,2.29501709097132e-10,15.9139803020661
"230.0425_5.007",-2.14483997430459,22.047962283824,-8.31849435350875,1.66014983841545e-11,2.30268931291329e-10,15.9014783679345
"192.12314_0.968",2.40917423221664,21.506410488007,8.30751504034239,1.73216560197136e-11,2.38053584564504e-10,15.8594774025361
"329.18205_1.183",-1.71577527030028,23.6596810160831,-8.28989449032772,1.85435292869085e-11,2.525291533799e-10,15.7920594293203
"429.24613_2.916",-2.27649390601352,19.8872685455056,-8.28206645341897,1.9113747324837e-11,2.57949490924377e-10,15.7621042188848
"175.59484_0.983",3.62038714046385,22.2116575032585,8.27719912536309,1.94771346391857e-11,2.60506675799109e-10,15.7434772873056
"396.24943_7.082",-1.87572922355861,20.566210240981,-8.1980453935988,2.64610080123825e-11,3.50783982323442e-10,15.4404226751334
"256.08474_2.482",-2.43415202727445,21.1518951458621,-8.18538978334557,2.77904700820033e-11,3.65176527919657e-10,15.3919450960396
"108.04481_1.136",2.50290381025446,21.1769864663887,8.16487582930384,3.00892517513758e-11,3.91945209770095e-10,15.3133530284662
"121.06509_1.182",4.82788172679332,26.2702136620152,8.15148651522215,3.1691565401094e-11,4.09258318714128e-10,15.2620480943461
"242.92552_0.919",-3.68303145386031,23.1924770358089,-8.12121730796011,3.56364642307635e-11,4.56268576219519e-10,15.146039277318
"230.18639_1.178",2.44285454314843,24.9250943648303,8.09408465620271,3.95894825595445e-11,5.02585126052522e-10,15.0420244695227
"673.29021_7.46",-2.52737528495326,20.3700507840877,-8.06146683499894,4.49280554664248e-11,5.65564933518523e-10,14.9169496663238
"303.13018_1.177",3.55376500636768,21.9855972265575,7.97440428300336,6.29854382907848e-11,7.86268221329964e-10,14.5829456159865
"373.27381_8.504",-1.37373103955755,31.2653274742691,-7.95396409421802,6.81873247893673e-11,8.44170351524564e-10,14.5044991436212
"199.60537_0.983",3.06543314897123,20.9765762344798,7.95145179328412,6.88557109175862e-11,8.45457827496263e-10,14.4948565624738
"217.01898_1.554",3.17449428912012,21.8274867846787,7.86247380981741,9.72818122352009e-11,1.18478174575879e-09,14.1532511416405
"347.15748_7.411",-2.12578546287297,19.4130844871954,-7.85534158799323,1.00015403220861e-10,1.2082505969746e-09,14.125861717575
"523.37508_7.571",2.34697062746037,20.1871658841576,7.84223512253279,1.05240982615209e-10,1.26120793566066e-09,14.0755272467783
"199.00815_1.525",3.54980522390506,22.2936071589364,7.83740645334778,1.07234389341165e-10,1.27489773994496e-09,14.0569822730101
"208.06046_5.029",-1.89555062444042,22.6677997416345,-7.81533200176633,1.16840052137671e-10,1.37103589861527e-09,13.9721979189812
"292.10267_1.369",2.03201295844569,26.4330015419165,7.8146475944078,1.17151265035217e-10,1.37103589861527e-09,13.9695690884662
"82.06583_1.002",2.95349709428222,21.6157012873831,7.79764597555868,1.25154463392376e-10,1.45334407877349e-09,13.9042628666738
"272.05872_3.46",-1.91969214040812,22.1946876540198,-7.78642008783566,1.30736755350683e-10,1.50648968857941e-09,13.8611397507473
"120.06087_0.978",3.01966986955541,18.8808671168834,7.78390872062908,1.32019330588953e-10,1.50965616200192e-09,13.8514923259742
"105.00376_0.802",1.18067554361961,28.4066119748859,7.76898315086467,1.39906198840007e-10,1.58772337774493e-09,13.7941538150347
"359.25838_8.538",-2.31652765463472,25.1359127935002,-7.75116015879593,1.49944667412101e-10,1.68885046453629e-09,13.725680461286
"298.09691_3.794",3.03882344534562,20.8285634180528,7.72385438594256,1.6674097962568e-10,1.86401483193484e-09,13.6207679384861
"87.99417_0.797",1.21204753657524,25.6552362309515,7.71379781460495,1.73390990289244e-10,1.92399780335769e-09,13.5821270872628
"132.99837_0.801",1.25589732991921,26.1729000150344,7.71005451920168,1.75933546239602e-10,1.93785626666856e-09,13.5677437726631
"335.14474_1.507",-3.40966578341261,20.984124979212,-7.70628860160748,1.78529138208757e-10,1.95209232873517e-09,13.5532733920262
"151.00885_0.803",1.21075507750653,24.8665787126817,7.69804790113538,1.84343422826512e-10,2.00106121300084e-09,13.5216083654189
"86.99335_0.8",1.19607968085783,28.6049329738056,7.69458308078698,1.86844314077238e-10,2.0136171401993e-09,13.5082945464457
"119.01926_0.805",1.19813933931053,30.4421326198837,7.69166742505512,1.88975121558375e-10,2.02203380067461e-09,13.4970908474344
"121.01675_0.801",1.19359250024981,27.6605843333542,7.68449055843233,1.94324312942301e-10,2.06275253546754e-09,13.4695127019321
"107.00129_0.801",1.1804418759228,25.6540070676417,7.68289417381493,1.95534619516949e-10,2.06275253546754e-09,13.4633783041847
"188.12839_7.158",2.66760529583222,19.3191191073977,7.65117418210842,2.21211147749873e-10,2.31730279251265e-09,13.3414844549458
"165.02455_0.802",1.22842349504964,24.6967660851934,7.64574552931566,2.25932189030513e-10,2.35032235533131e-09,13.3206225013007
"106.00446_0.801",1.17361586272132,25.395490715452,7.63770098516191,2.33114246473977e-10,2.40831131874495e-09,13.2897075382362
"103.00639_0.801",1.24504830800629,26.0534940925804,7.63300593030878,2.37411076089539e-10,2.4359026848091e-09,13.2716644108592
"120.01976_0.803",1.1894211174179,27.3751932350453,7.6309698421756,2.39299026181261e-10,2.43857102870428e-09,13.2638396760562
"316.11404_0.978",-1.51048721799019,20.524838621082,-7.60203460482084,2.67811608653058e-10,2.71068776866406e-09,13.1526389829424
"241.0311_1.011",1.98588673178285,25.9339002862148,7.58892164785788,2.81829414462358e-10,2.83342592526586e-09,13.1022438311974
"128.01947_0.804",1.29522819668411,26.2703977566642,7.58512341463678,2.8602522900353e-10,2.85643862031526e-09,13.0876465543015
"255.06457_1.34",3.7852613114157,22.2991398188337,7.57508241719914,2.97420802909846e-10,2.95057193880098e-09,13.0490571289545
"134.0351_0.796",1.27651583018673,24.904825347118,7.5719066798438,3.01118689773405e-10,2.96760392947737e-09,13.0368521531116
"148.13331_1.183",-1.24615854895815,27.4053490210724,-7.55812604281526,3.17705538463435e-10,3.0763030826731e-09,12.9838904194717
"148.13335_1.185",-1.24615854895815,27.4053490210724,-7.55812604281526,3.17705538463435e-10,3.0763030826731e-09,12.9838904194717
"406.29483_7.545",-2.54235655894315,21.3810477187566,-7.55763830144568,3.18309063961503e-10,3.0763030826731e-09,12.9820159316007
"148.13331_1.494",-2.03177112039232,23.6169796110115,-7.55116596213648,3.26427328431408e-10,3.13453934609134e-09,12.9571414407514
"160.06063_1.379",-2.00374341081829,20.0003563009826,-7.5471582985694,3.31557671925418e-10,3.14522720392262e-09,12.9417392019586
"248.08778_0.99",-2.27720033241447,21.144409111492,-7.54701733544925,3.31739584926417e-10,3.14522720392262e-09,12.9411974532149
"354.20236_7.285",-2.45068500944893,21.9052378013784,-7.53038893265979,3.53914503678369e-10,3.33436431767419e-09,12.8772914387129
"212.07984_0.964",-1.8388543579147,19.4609353916621,-7.52085311271883,3.67293958507225e-10,3.4387896865239e-09,12.8406437619416
"208.61061_0.983",2.21813260757616,20.902061704994,7.50940570312913,3.84025569063353e-10,3.57310746867642e-09,12.796649873207
"352.19806_1.031",-1.51685570478416,20.3815941083564,-7.49837747615984,4.0086525371864e-10,3.70676635846002e-09,12.7542673932472
"101.00888_0.799",1.21125405320715,28.8408702598609,7.49574688106853,4.04990001187624e-10,3.71554202996526e-09,12.7441578505709
"188.17583_0.848",3.07744642876734,23.5735655788774,7.49461680471418,4.06774961892058e-10,3.71554202996526e-09,12.7398149053945
"359.25913_8.268",-2.15246439836505,23.4763938045148,-7.47116356060841,4.45648589525419e-10,4.02292595197519e-09,12.64968427459
"562.19827_1.104",-1.63576222661699,21.3143580422194,-7.47107730818119,4.45798202955863e-10,4.02292595197519e-09,12.6493528129587
"141.01592_1.828",3.60089682472379,22.5112755630613,7.45492829223007,4.74714314863929e-10,4.25821583033632e-09,12.5872942192747
"142.03506_0.802",1.32697928417836,23.9894804368154,7.45283474669864,4.78597833449161e-10,4.26749734825502e-09,12.5792491274837
"350.67936_4.567",-2.69777119278698,19.7351275408796,-7.44302475733128,4.97222897244251e-10,4.40733668681591e-09,12.5415516810894
"73.01424_0.8",1.22807093470088,23.4345348974367,7.39861513898647,5.91031854969356e-10,5.19309681670253e-09,12.3709070589212
"214.0509_4.072",2.37411792183638,20.8910574004713,7.39784608760003,5.92803441693012e-10,5.19309681670253e-09,12.3679521484073
"290.08692_1.324",2.61043586982532,22.550821931858,7.35461518967925,7.01418972009205e-10,6.10886988412668e-09,12.2018589086809
"210.06415_0.917",-1.61756063532082,19.6468988160665,-7.33337194941832,7.61869905388079e-10,6.59700068364937e-09,12.1202520316788
"166.08647_6.807",1.27478177949682,22.6161358195738,7.30724949832183,8.43391181748998e-10,7.26091948425286e-09,12.0199116170805
"224.09158_4.468",2.39925850717423,20.2416556228842,7.29775213095128,8.75144130640593e-10,7.49123375828348e-09,11.9834337691026
"95.06097_0.85",2.23330190597066,22.4602187026921,7.279875098796,9.38190179237367e-10,7.98527777555441e-09,11.9147756927042
"156.07691_0.893",1.88430694740548,28.8400868822006,7.27725163898598,9.47816573821623e-10,8.02163405415136e-09,11.904700637115
"102.00958_0.799",1.18814588783556,25.7973919800724,7.27239803006898,9.65887170709031e-10,8.12864596473106e-09,11.8860613589791
"120.08112_6.808",1.87405541450149,23.1463610721229,7.26293299563912,1.00212304025646e-09,8.38648220281663e-09,11.8497142859207
"147.01391_0.8",1.1688691766525,25.185517058612,7.25126586340296,1.04866410204967e-09,8.72721569372448e-09,11.8049135256383
"260.05312_1.295",2.55947539538268,23.5739692005782,7.24713367599762,1.06566058024643e-09,8.81966601773012e-09,11.7890470208969
"68.98293_0.809",1.18182917250057,26.1106556995215,7.23757024919982,1.10606001203056e-09,9.10372471440535e-09,11.7523275054228
"126.10284_0.853",2.46094405092847,20.4312169478107,7.22208064303442,1.17476558625904e-09,9.61638714872158e-09,11.6928585858778
"359.1812_1.181",4.46341492262475,22.1998594107244,7.20622358791968,1.24951996501015e-09,1.01727223238326e-08,11.6319851087842
"309.16563_0.873",2.65730104714794,23.7578123804272,7.19800994004966,1.29009094465219e-09,1.04076808335946e-08,11.6004563859992
"434.22472_1.012",3.00973688848714,22.7183802188579,7.19757503476634,1.29227545730881e-09,1.04076808335946e-08,11.5987870183566
"204.08683_0.98",2.9908180992126,22.0521626201026,7.18969310927859,1.33251265285869e-09,1.06743526950926e-08,11.5685334270735
"324.14122_7.332",-2.4972976176954,19.5081721595772,-7.15941441969614,1.49907084381979e-09,1.19447240640535e-08,11.4523293898459
"217.04961_0.876",2.56057219217798,19.5441031045009,7.1522943212233,1.54116591516241e-09,1.22151668831391e-08,11.4250076517057
"283.11655_0.956",-1.58635640768195,19.3058695485513,-7.14685995141084,1.57408739207805e-09,1.24104363859627e-08,11.4041555445573
"311.19734_7.821",-2.25925711233096,21.8520927549477,-7.13347366609098,1.65820877374814e-09,1.30052185501294e-08,11.3527952195715
"120.0811_6.814",1.75460899239125,23.1960582586607,7.12981106536372,1.6819974581618e-09,1.31230843350332e-08,11.338743589193
"91.02463_0.802",1.18852523006582,24.1550194744217,7.12093076948248,1.74109977092066e-09,1.34441621486554e-08,11.3046759839905
"91.02466_0.806",1.18852523006582,24.1550194744217,7.12093076948248,1.74109977092066e-09,1.34441621486554e-08,11.3046759839905
"217.04953_0.868",2.64090781741566,19.4606194997667,7.1072370647319,1.83632767818434e-09,1.41067633944623e-08,11.2521477406614
"256.0639_2.614",-1.68763913944738,22.7862578385464,-7.08900552705871,1.97123165627638e-09,1.50658419443981e-08,11.1822225838449
"484.24451_8.026",-2.22900106353528,20.9559257468733,-7.08436919943056,2.00708832725306e-09,1.52620218996197e-08,11.1644422985149
"441.30747_7.474",-1.50759907157592,21.3198433188895,-7.0802118385553,2.03979417348064e-09,1.54323821811818e-08,11.148499503953
"284.099_2.284",-3.63205176380044,22.6886878256275,-7.05117513544903,2.28355185692199e-09,1.71897521691916e-08,11.0371663377115
"291.06988_2.85",3.36427439336774,20.0516190677018,7.02273075823133,2.55050534588372e-09,1.91032850406691e-08,10.9281358887363
"133.99888_0.802",1.25202708201151,22.9341519843194,7.01525140766455,2.62573031026315e-09,1.95688756456428e-08,10.8994721470574
"394.87438_0.925",-2.53247806013129,20.460294687757,-7.00146588007277,2.77023070196234e-09,2.05435920373247e-08,10.8466468521955
"689.28526_7.413",-1.91398070010238,19.7613370160172,-6.93424303820017,3.59692477358252e-09,2.65428241912641e-08,10.5891738967551
"184.02762_1.353",-1.72611643813196,21.847729288387,-6.93009420569599,3.65534989670301e-09,2.68417360061819e-08,10.5732902155132
"186.11269_6.707",-1.67012000449871,20.9654704473213,-6.92626689661091,3.7100864273452e-09,2.71107778934786e-08,10.5586382248013
"216.14557_1.021",-1.21526836058664,19.9941019654934,-6.90704369177277,3.99762545159596e-09,2.90701112936444e-08,10.4850575438215
"378.20243_3.795",-2.68758100631863,21.5566996979986,-6.89934269787617,4.11895867096965e-09,2.97564554128424e-08,10.4555856951946
"180.10204_8.012",-1.93292416939599,24.648917683721,-6.89854484016,4.13173746720375e-09,2.97564554128424e-08,10.4525324532568
"427.15178_0.89",-2.63642078261539,22.5674266635798,-6.88418351239744,4.3686359002074e-09,3.13120410455057e-08,10.3975802012103
"175.10784_1.15",1.99824480648143,24.6924975195384,6.88041102310039,4.43308111994201e-09,3.1622645322253e-08,10.3831469335506
"326.10818_1.336",2.71688708162504,21.3798498105954,6.8768743860905,4.49435814295531e-09,3.19078127874268e-08,10.3696167090594
"93.04534_0.892",1.96568575779653,22.6205188461341,6.86522616928245,4.70221531114724e-09,3.32260308306536e-08,10.3250585243524
"232.11808_6.157",2.84829548061992,19.6214514909916,6.84116764466258,5.16237111863153e-09,3.6306253219296e-08,10.233050569446
"291.15486_0.995",-1.39703380548951,21.0846187752524,-6.83725855542544,5.24126796004626e-09,3.66888757203238e-08,10.2181039622985
"687.26958_7.349",-2.7500642685254,20.2931985976634,-6.78016600725779,6.54046721515963e-09,4.55703250619029e-08,9.99991004032453
"206.59504_0.868",2.72134286262983,20.7323487165991,6.77321731781938,6.71907372949479e-09,4.65980205869593e-08,9.9733673733889
"521.3594_7.559",2.15906323356645,19.7404812532441,6.74292642790607,7.5561957037072e-09,5.19264145806485e-08,9.85769791731257
"394.19544_4.69",-3.06068006282664,19.8359915602013,-6.74202596873175,7.58261124605125e-09,5.19264145806485e-08,9.85426031604021
"376.18395_7.072",-3.15002631761113,22.319749394519,-6.74134653852991,7.60260366595181e-09,5.19264145806485e-08,9.85166655239633
"112.07609_1.133",1.88567524533792,19.9110030586348,6.74055225829823,7.62604219475479e-09,5.19264145806485e-08,9.84863438081932
"318.30036_8.17",2.02542607422525,22.814888640157,6.72964860851151,7.95517482754285e-09,5.39224067495891e-08,9.80701383760169
"112.00665_0.799",1.44436127786012,21.7439085992272,6.71418543292808,8.44635297167962e-09,5.69938592413337e-08,9.74800273912477
"394.18231_0.989",2.8238883613907,19.9548938712806,6.70863688605098,8.62987084626075e-09,5.79710606623256e-08,9.72683216158812
"182.96205_0.804",2.34319970119022,20.7508390085583,6.70244039619692,8.83951921968738e-09,5.91142847816593e-08,9.70319185959002
"589.30266_7.722",-2.8912604759865,22.505934944166,-6.68107589972577,9.60203246871534e-09,6.39281983917137e-08,9.62170455612273
"198.08713_1.081",3.94490657382635,22.1559556156376,6.6639469193407,1.02604334730568e-08,6.80094218700841e-08,9.55639570621331
"338.08383_1.132",1.86905463317893,21.5731249640014,6.6526494324996,1.07191058651065e-08,7.0736654563566e-08,9.51333273310835
"260.17208_0.93",1.66784476430656,19.544371190248,6.61722968088873,1.22937271885994e-08,8.07719444233419e-08,9.3783843565843
"83.06111_0.875",1.78262373772546,23.0343930713417,6.6150009888125,1.24001780970494e-08,8.1115575499476e-08,9.36989631314534
"111.00986_0.797",1.58199370117111,21.3278946991306,6.6124001986121,1.25255630089883e-08,8.1579536467237e-08,9.35999161227103
"96.04497_1.146",1.72674520502091,25.5465797772326,6.59304531724554,1.34991914964436e-08,8.75402115223917e-08,9.28629832849318
"258.07983_3.147",-1.90560833714969,23.1419972414988,-6.58740813559986,1.37966813957422e-08,8.90837445294045e-08,9.26484049715961
"110.07174_0.897",1.86403382172567,27.2165629715763,6.5804803244919,1.41712362785779e-08,9.11094933275093e-08,9.23847342143217
"425.27572_6.096",-1.97789266379809,21.6372392665101,-6.57784450758538,1.43163867146433e-08,9.16493474296397e-08,9.22844259200424
"523.3746_7.824",2.74735530728348,20.7221177759451,6.54504903991538,1.62510805365704e-08,1.03591994228862e-07,9.10368459979638
"347.15875_7.41",-1.89903931703757,19.5900930950967,-6.53544776822489,1.68652400629277e-08,1.07051396670618e-07,9.06717729859195
"217.082_1.008",-1.76973892729351,21.367186779421,-6.53345991426162,1.69952543994731e-08,1.07406608185263e-07,9.05961978723182
"338.08384_1.142",1.89013324470433,21.5778248666939,6.53240581622052,1.70646013004623e-08,1.07406608185263e-07,9.0556124084125
"258.07961_3.783",-1.89703134259697,21.6607371225308,-6.52345196432319,1.76651289146708e-08,1.10721184578146e-07,9.02157629884754
"175.10784_1.005",1.17597578698996,23.198323474535,6.51843958017143,1.80104411956428e-08,1.12415170462804e-07,9.00252585812843
"336.14011_1.017",1.84557660110083,24.2273175040785,6.51332110277066,1.83699958459525e-08,1.14183625631688e-07,8.98307446082417
"191.07673_0.898",-1.87365518979428,25.6663556174168,-6.49511239578113,1.97079810477691e-08,1.21994031444455e-07,8.91389595547689
"247.01485_0.802",2.26756021162079,22.7434254566722,6.48560387082513,2.04447725343652e-08,1.26034029862054e-07,8.8777829791041
"422.21347_1.191",3.54788966582028,21.8633532289518,6.483868304942,2.05821854404946e-08,1.26361122089594e-07,8.87119225688523
"235.0925_1.002",-1.79707142544472,24.4790357594631,-6.46368782713445,2.22490497176559e-08,1.36037046845096e-07,8.79457819354343
"274.07446_3.768",-2.21143133005782,22.0171786037612,-6.41285083384398,2.70675070964644e-08,1.64195240314041e-07,8.60174825726665
"313.21653_8.502",-1.76777850018669,24.0086331711106,-6.41253422938201,2.71005560381926e-08,1.64195240314041e-07,8.60054812590634
"607.31232_8.142",-2.50628676633359,23.1574784313331,-6.41174427822148,2.71831906527919e-08,1.64195240314041e-07,8.59755375385498
"539.77358_7.232",-2.21811335662676,19.8325550968952,-6.40502508333417,2.78962751896215e-08,1.67825784072502e-07,8.57208660462654
"345.27976_8.523",-1.71775684836966,23.2804905115005,-6.38800541156719,2.97868519676287e-08,1.78482816990031e-07,8.50759859468481
"307.18628_1.001",3.61247130354925,20.474081110227,6.35894244752175,3.33142882106822e-08,1.98823919281283e-07,8.39754605553421
"546.35434_7.636",2.91570131302786,22.3482209488947,6.34753488790154,3.48097152504468e-08,2.06924418433212e-07,8.3543729729845
"200.97296_0.803",1.99160197849658,23.2150434569973,6.34468385287539,3.51937679436603e-08,2.08380491618985e-07,8.34358506881324
"441.20818_1.237",2.25463831187046,21.4505144146262,6.33354280736072,3.67353572959827e-08,2.16651831611741e-07,8.30143720603639
"476.16124_1.108",-2.00629661495032,22.1322801512891,-6.30648075060552,4.07652023771667e-08,2.39475581023513e-07,8.19911373316881
"441.20798_1.36",2.33729321711032,21.0213713769368,6.29945480973415,4.18814110263753e-08,2.45071694209024e-07,8.17256120443993
"546.20314_1.105",1.86356090695175,21.0086057188532,6.2942691311198,4.27246924064243e-08,2.47599166183139e-07,8.1529669090268
"396.16177_0.964",2.04989910233514,18.5642647754888,6.29407690080674,4.27562746639996e-08,2.47599166183139e-07,8.15224061625213
"364.14259_6.972",2.36975384518267,20.078538020653,6.29362833066283,4.28300622458051e-08,2.47599166183139e-07,8.15054582532104
"348.09004_1.315",2.06187404337458,21.3034864609876,6.29275255401013,4.29744881225742e-08,2.47599166183139e-07,8.14723702402704
"280.13999_1.178",-2.42630303341117,22.6314206894006,-6.28483314181391,4.43026656898825e-08,2.54108183088485e-07,8.11732030065129
"186.07618_1.146",1.65047399417548,28.8778798727094,6.28400735209917,4.44434872958499e-08,2.54108183088485e-07,8.11420116373125
"416.13981_1.122",-1.35027434539548,21.0127435072867,-6.28011769365841,4.51127944129214e-08,2.56954243462191e-07,8.0995103430892
"100.02498_0.801",1.34490079684864,21.7578788468775,6.2777496435498,4.55251683870192e-08,2.58320841832404e-07,8.09056730529244
"329.21136_7.585",-1.89779891103459,21.0527968625126,-6.27639254441868,4.57631807911688e-08,2.58691489906305e-07,8.08544244968736
"318.30036_8.184",1.95743050858255,22.8107907301825,6.25976993337995,4.87807974246494e-08,2.74712911812499e-07,8.02268690264247
"284.09887_1.226",-2.51949758008074,22.5012957646274,-6.24743460102066,5.11471540188267e-08,2.86960437154316e-07,7.97613760870162
"371.25838_7.955",-1.90383381745458,24.3492102660971,-6.244907009216,5.1645935797679e-08,2.88677656063146e-07,7.96660151907782
"353.19208_1.229",2.26679273154679,22.7901408942138,6.24264291795494,5.2096821042679e-08,2.90115382609417e-07,7.9580601937044
"101.02387_1.818",2.66800088493696,25.3156375112866,6.2359315158493,5.34564770088395e-08,2.96584453923117e-07,7.93274481991983
"375.25334_8.258",-2.2791828457857,23.6206647833978,-6.23004916746954,5.46771287380253e-08,3.02237412729011e-07,7.91056097223245
"218.98368_0.802",2.14336636822068,25.4263080310322,6.21528388543938,5.7864427431496e-08,3.18679824604342e-07,7.85489531110803
"191.58974_0.867",3.11583703106766,21.9928630629859,6.20607410802198,5.99452487955809e-08,3.28930339544982e-07,7.8201872755838
"200.63696_0.796",1.983807922348,23.1949561877549,6.204221254152,6.03727696617723e-08,3.30067185961076e-07,7.81320582880407
"319.16578_7.737",-3.21760548309182,24.6648134876347,-6.19818685364715,6.17862267921434e-08,3.3656642812593e-07,7.79047143076763
"123.59452_0.883",1.97591945466577,19.8185022699897,6.1876101761004,6.43433642763478e-08,3.49225940891192e-07,7.75063483494825
"161.09211_0.992",1.47797933358486,23.8243731669831,6.17097075411537,6.85806149506375e-08,3.70880004317888e-07,7.6879909741988
"343.16653_7.326",-2.66532175637308,19.977812470064,-6.16256518902493,7.08252902698834e-08,3.81641312317573e-07,7.65635888357205
"204.08677_1.166",1.60772555561051,28.9595539290821,6.16066238184858,7.13434683646779e-08,3.83055611506407e-07,7.64919940584628
"232.99927_0.796",2.1182978228157,25.6065334646486,6.15937782004699,7.16954105476996e-08,3.83570446430193e-07,7.64436638718466
"133.03475_0.801",1.52667646791028,28.00894736316,6.12952752916626,8.03770742803021e-08,4.28487036554778e-07,7.53211695239448
"214.9884_0.803",2.31226406427611,21.7881731477244,6.12293380223951,8.24312578798382e-08,4.37879518808502e-07,7.50733721636335
"347.15763_6.888",-1.82057936348226,19.1762274005756,-6.11743954272823,8.41826551635374e-08,4.45602888462824e-07,7.486693673773
"69.98368_0.805",1.08291773916577,22.9614695239891,6.08111730186271,9.67272288527013e-08,5.10202073314601e-07,7.3503203358647
"490.17692_1.105",-1.82008205053175,22.2899442921514,-6.0522908178045,1.07988997010201e-07,5.67605324636074e-07,7.24221626006912
"465.16952_1.258",2.52640563100476,22.142003048499,6.04537868412709,1.10877234148821e-07,5.80748590052216e-07,7.21631155172913
"255.21067_8.504",-2.01195050922696,22.3209439104893,-6.03906389561103,1.13582787785615e-07,5.92846746002967e-07,7.1926513167719
"348.94123_0.805",2.44215179651518,20.1266239425544,6.03001582189947,1.17573920333689e-07,6.11547682846759e-07,7.1587597176145
"188.09183_1.195",-1.82733374486889,21.1173894386718,-6.01270348708239,1.25602102704067e-07,6.51044809171947e-07,7.09394461047581
"241.19509_8.486",-1.95264205482024,21.6102513175631,-5.99540150525363,1.34168335724498e-07,6.9304885143206e-07,7.02921095945858
"121.02865_1.254",1.78709225508036,21.7269018025372,5.97590795156514,1.44515192536406e-07,7.41470535906025e-07,6.95632965782572
"230.10242_4.157",-1.57950685494001,23.1703923178444,-5.97587686764415,1.44532307399572e-07,7.41470535906025e-07,6.95621348752402
"507.26_7.727",-2.43089735025323,22.0520511291768,-5.96568265806774,1.50255042827057e-07,7.6819813704755e-07,6.91812222812256
"625.2675_0.996",2.63807175596422,19.8429727738057,5.95583700361478,1.55995187864765e-07,7.94832623882372e-07,6.88134797962463
"215.60034_0.872",1.58879003139975,19.4705682277078,5.95164687665888,1.58503540652311e-07,8.04875606431055e-07,6.86570192966763
"445.19762_7.627",-1.59964295059997,19.9952352359043,-5.93173508103119,1.70980647835276e-07,8.65300711004201e-07,6.79138683775464
"70.99855_0.8",1.35275818881586,21.3150621186399,5.91973933612161,1.78962274307974e-07,9.02644737081972e-07,6.74664521638909
"213.12342_1.186",2.03480874118837,26.3139346562166,5.90319639410627,1.9057840813851e-07,9.55090853139442e-07,6.68497981893754
"180.10204_5.093",2.16171591014797,22.1070976347975,5.90311740914188,1.90635624224762e-07,9.55090853139442e-07,6.68468549668969
"274.09206_1.355",1.92157905777721,26.9910827193938,5.89016529602602,2.00251991144889e-07,9.99924942450148e-07,6.6364351258051
"328.18624_7.88",-1.95129034056016,21.0042110770722,-5.85906624351092,2.25348498485793e-07,1.12150182967348e-06,6.52069038143105
"457.26658_6.957",-1.86219840663161,20.3284849937053,-5.85373799980365,2.29950541338038e-07,1.14061559908736e-06,6.50087520368741
"261.00546_0.799",1.76110175632986,22.3120919854129,5.84480217337269,2.37878335527975e-07,1.17604536838583e-06,6.46765412212753
"276.15539_1.019",2.05927656610794,24.8265576259987,5.82391236084908,2.57483238726087e-07,1.26878253819631e-06,6.39004210665692
"224.60572_0.875",1.70346613469436,19.7462796857485,5.81736660861506,2.63949446058087e-07,1.29638121375414e-06,6.36573744443143
"233.11327_1.11",-1.30356771436037,25.7797089413064,-5.80935049486424,2.72087508645793e-07,1.33198394755359e-06,6.33598297224153
"477.23457_7.597",-1.49826887893794,20.067336786776,-5.80788000930399,2.73607103089723e-07,1.33506006654204e-06,6.33052594062701
"77.00909_0.801",1.30775613471909,21.5628175365966,5.80267476839496,2.79054002739025e-07,1.3572171951398e-06,6.31121199188633
"177.02453_1.517",2.65976063792011,21.7908334033741,5.78172576750884,3.02082290518585e-07,1.45504588809273e-06,6.23352734198808
"233.11325_1.11",-1.2965666061445,25.7762158923354,-5.77282978920294,3.12421233606986e-07,1.50002246135662e-06,6.20056120479538
"439.2917_7.011",-1.33693893085391,22.7402959583277,-5.75527501917974,3.33861695048832e-07,1.59784287278962e-06,6.13554785830923
"224.60558_0.864",1.87522253476212,19.5991641150124,5.71783551881916,3.84572121722076e-07,1.83467846604991e-06,5.997072302502
"258.10848_1.022",-2.20312309786333,23.8750976780057,-5.70677284155381,4.0096452844035e-07,1.90680909080522e-06,5.95620301958697
"327.23247_8.53",-2.29666910996659,22.8530868547942,-5.68849934856948,4.29568383329544e-07,2.03637163996094e-06,5.88874293140901
"471.21896_0.87",4.56615230209187,21.6637842012865,5.68498345426497,4.35298998732096e-07,2.05702807602738e-06,5.87577030628831
"275.00744_1.816",2.83662538678492,21.1218863202933,5.68095234563896,4.41962450473745e-07,2.0819489019172e-06,5.86089947530598
"304.63011_0.887",2.58806974877777,20.907734520339,5.65252390628149,4.91906318047859e-07,2.30312177651905e-06,5.75611164510568
"459.22369_7.606",-3.16317453871378,21.4355079079196,-5.65247945124104,4.91988630498062e-07,2.30312177651905e-06,5.75594790062333
"189.15981_1.01",1.3473310590588,24.6909596366005,5.6515527241811,4.9370765198858e-07,2.30396904261337e-06,5.75253450376316
"104.10749_1.082",1.38492588142319,31.0529792012311,5.630069678332,5.35264335120271e-07,2.49014277642909e-06,5.67345171795383
"131.57377_0.953",2.13349793174612,18.8184223019356,5.62701227428518,5.41453001640599e-07,2.511134973553e-06,5.66220399342715
"262.13983_1.006",2.24834997444687,22.3956466844473,5.61938228953545,5.57207462215017e-07,2.57622462468548e-06,5.63414221970961
"148.01452_0.799",1.33623409075027,21.6585781599489,5.60692015324969,5.83919178493648e-07,2.69141824425688e-06,5.58833263834061
"408.31105_7.703",-1.8208670929426,20.4345261516967,-5.58382151188582,6.36818373670104e-07,2.92623902993195e-06,5.50350388071336
"544.33887_7.63",2.73820983639355,22.1623036062289,5.58102069332977,6.43546206182712e-07,2.94811075492875e-06,5.49322508414915
"434.22495_0.965",2.42900539748189,22.3664075461522,5.57760985693188,6.51834249253151e-07,2.97697471152811e-06,5.48070965127624
"196.04841_0.895",-1.04062164758578,19.5660374417474,-5.56145647437348,6.92540203542852e-07,3.15326816081213e-06,5.42146904559622
"124.0873_0.944",1.67224418250862,18.3513611496566,5.55596667816398,7.0693811522344e-07,3.20907059577186e-06,5.40134768438779
"198.0374_1.468",2.07838622039753,24.3030851383225,5.54026318439756,7.49775770794388e-07,3.39324502915406e-06,5.34382414471524
"277.12731_3.022",3.09056457634656,22.0572632402694,5.51971411509475,8.09724133140756e-07,3.65351431158088e-06,5.26862613310991
"430.71016_5.809",-1.75839409977612,21.9271177547077,-5.51523445550181,8.23408177255731e-07,3.70410044903629e-06,5.25224455131339
"357.24374_8.234",-2.25600014144425,22.9039616518075,-5.50873007704042,8.4368450618338e-07,3.78395027024762e-06,5.22846615891896
"375.10439_6.862",-2.02366668452723,21.6668704512853,-5.49952950677568,8.73210077819674e-07,3.90468267633992e-06,5.19484608037256
"245.01349_1.815",2.15349328428477,21.5751236285568,5.48925655754762,9.07383354893538e-07,4.04541745723369e-06,5.15732816618941
"671.27521_7.383",-1.70575185211436,19.7958160997124,-5.48668488241542,9.16142674054663e-07,4.07234933452192e-06,5.14793957944203
"176.05549_1.468",1.64825461558668,24.5414906396468,5.48004533907252,9.3914522649561e-07,4.16224718724977e-06,5.12370656293222
"193.0021_1.525",2.75658086364502,23.5600120471691,5.46467719257909,9.94597198790012e-07,4.36922757708926e-06,5.0676515102005
"153.05389_1.18",-1.85601762851594,21.2083139975648,-5.45626903403739,1.02629069042204e-06,4.49527325804743e-06,5.03700409680551
"301.1502_1.034",-1.36737769656795,21.0423002685311,-5.42293395537166,1.1620501134071e-06,5.04565527502559e-06,4.91564841985533
"290.14612_0.994",-1.45284354710968,21.1732163633321,-5.40510705577064,1.24177051109399e-06,5.3748548246767e-06,4.85084912838413
"339.23259_8.229",-2.38420859683412,23.3804115481092,-5.40439958484912,1.2450431402956e-06,5.3748548246767e-06,4.84827897221344
"155.0792_0.9",1.46562548331844,23.2197930713689,5.39525417537616,1.28812157282105e-06,5.54484516116649e-06,4.81506477149589
"444.11703_1.137",2.34055917677047,22.7483489041938,5.37886588482445,1.36902427674585e-06,5.8716100659739e-06,4.7555924809238
"215.0878_0.874",1.31399738366037,23.1915825081692,5.37830667577817,1.37187151074156e-06,5.8716100659739e-06,4.75356419868814
"442.27028_5.518",3.5199285106852,20.9479562262775,5.36890788356374,1.42060880122832e-06,6.06288314598299e-06,4.71948477932226
"161.12854_0.855",1.92983151261446,22.5461015919608,5.36084437495392,1.46377950718224e-06,6.2293798345426e-06,4.69026290148693
"329.08672_1.368",2.26025625005119,20.2296869802516,5.35386079846491,1.50221162651979e-06,6.37482440942392e-06,4.66496657824471
"342.23891_5.426",-2.15126518024185,22.008118643542,-5.34676075197184,1.54230407082758e-06,6.52647315847379e-06,4.63925976325436
"257.11377_1.255",1.60406060608274,20.5371318808118,5.34330353255745,1.56220621595295e-06,6.59207017323243e-06,4.62674653991452
"214.99802_1.432",-1.36381158082151,20.6043333660121,-5.33436037359175,1.61487099513549e-06,6.79515941211505e-06,4.59438997971699
"160.04546_0.8",1.58361886092117,21.5326874536032,5.29895321805109,1.84110573866908e-06,7.72542407990554e-06,4.46646811847234
"343.02556_0.912",-2.07167185752046,23.1931073932157,-5.29318117897406,1.88083499298573e-06,7.8700860879682e-06,4.4456422653565
"129.02028_0.799",1.25778740769657,22.8751821839836,5.2917190440812,1.89103226315834e-06,7.89071401173033e-06,4.44036804721135
"334.13975_5.431",2.04908686462752,21.78997841321,5.28273563841973,1.9548904579748e-06,8.13451640568403e-06,4.40797419762784
"153.04083_2.843",2.81803897360752,23.48820931935,5.27024464306443,2.04722492562339e-06,8.47529057300931e-06,4.36296404429642
"184.04848_0.931",-1.32912210648731,20.436192937429,-5.2563562384472,2.15493624454728e-06,8.8928222984348e-06,4.31296239553036
"387.2891_8.534",-1.61783425758148,23.8767463510374,-5.24552493836893,2.2427935035137e-06,9.22995787984485e-06,4.27399942196991
"146.06016_7.255",1.21166703019563,23.8720227373746,5.24037844362928,2.28576557649814e-06,9.38028501948686e-06,4.25549615129392
"419.18743_1.045",-1.49636005521689,21.4321134246874,-5.23965801100841,2.29184533853951e-06,9.38028501948686e-06,4.25290648443132
"392.1811_4.531",-1.85058720357589,18.8323159832904,-5.22754927811198,2.39644617797298e-06,9.7816794948325e-06,4.20939945017004
"405.11513_7.27",-1.61969607066505,20.1850581231592,-5.21308615727141,2.52755646349297e-06,1.02888032128056e-05,4.15748032219697
"343.19782_1.224",-1.12748017598895,22.7261870598656,-5.20097059395746,2.64279916458888e-06,1.06709249287174e-05,4.11402829055842
"98.98474_1.387",-2.63676391689697,27.3458175399466,-5.19994373219354,2.6528010049878e-06,1.0682515874924e-05,4.11034717029885
"197.10103_0.903",-1.92418161260859,20.8091645804828,-5.18921607882892,2.75954316375988e-06,1.10825620893091e-05,4.0719061991119
"363.25273_8.313",-2.44163541507289,23.3431873698644,-5.18630840360579,2.78919573393199e-06,1.11716984209362e-05,4.06149195197158
"362.20746_5.426",-1.23427072785851,25.8264132399204,-5.17404483632567,2.91774700289675e-06,1.16554266942382e-05,4.01759175270082
"174.99147_1.827",2.82394970892789,23.3208452601325,5.17022507919621,2.95896463132313e-06,1.17886410045799e-05,4.00392585706449
"385.21316_7.595",-3.40482666045473,20.9487317740431,-5.16949667854773,2.96688930762714e-06,1.17888599013938e-05,4.0013202886598
"343.19796_1.191",-1.08059195479349,22.7387257822575,-5.16814926239073,2.98160366047182e-06,1.18159848766846e-05,3.9965007903897
"571.30912_4.091",-1.8768656098627,19.2285423445696,-5.15664273894414,3.11021858995281e-06,1.22931594927422e-05,3.95536261766103
"329.17534_7.212",-1.82625236966066,19.9906004151092,-5.15525903528807,3.12604788586657e-06,1.22992210295801e-05,3.95041787668217
"354.20252_7.076",-1.90976843545008,22.6194742878305,-5.1550737917978,3.12817303889854e-06,1.22992210295801e-05,3.94975593618435
"371.18333_8.072",-2.07627067610133,21.645996423832,-5.15326472781773,3.1490018388726e-06,1.23487035461548e-05,3.9432919739808
"345.14021_1.108",-1.38904128877781,20.8975464744243,-5.14379329195745,3.26029819970595e-06,1.27517668489805e-05,3.90946335455278
"258.89943_0.926",-2.24506766729099,22.636371066149,-5.13030846981969,3.42545619068213e-06,1.33628473271922e-05,3.86134035431625
"404.1782_7.631",-1.27487657334387,20.9843949630959,-5.1244448128127,3.49981311172143e-06,1.36174546528797e-05,3.84042959204946
"232.11795_5.926",1.84945280545346,20.3236408481559,5.11667139542491,3.60083833063089e-06,1.39742378737955e-05,3.81272216160142
"185.06882_0.918",1.31825482699384,22.8207093530502,5.09364417619754,3.91722721094171e-06,1.50848492596162e-05,3.73073766911097
"222.09723_1.15",1.69333910267012,27.2135701748131,5.09253500932782,3.93313778551871e-06,1.51072830838642e-05,3.72679221306936
"223.02456_0.92",1.89172950843543,23.3242120663489,5.09102763285395,3.9548623583041e-06,1.51518767589246e-05,3.72143079641387
"223.02463_0.924",1.89172950843543,23.3269242111265,5.08954305238596,3.97637362702471e-06,1.51954277889873e-05,3.71615105156152
"310.11318_1.179",1.85379711888948,25.2243121922513,5.08705008252026,4.01275516520503e-06,1.52954382633006e-05,3.70728640361197
"267.17431_7.625",-1.61075588256191,23.2381798900212,-5.07132347126235,4.24992081507271e-06,1.61583283781191e-05,3.65140312340882
"247.12889_1.167",-1.31287147898407,26.5809552278293,-5.0652267354847,4.34552105320769e-06,1.64799760448231e-05,3.62975672763657
"482.19825_1.039",2.96811420728455,22.5990377623228,5.05218563405876,4.55716023401375e-06,1.72389546226076e-05,3.58348818834342
"355.26324_8.499",-1.58839837569615,30.2835798063131,-5.04600629394073,4.6609458375973e-06,1.75871457549641e-05,3.56158063870092
"313.17992_8.073",-1.45702768857382,25.4352445915946,-5.03632525468857,4.82822890654008e-06,1.81725801557715e-05,3.5272795281857
"201.98393_1.404",1.2750690593375,24.2668707944135,5.02719415346179,4.99140502627427e-06,1.87396609758367e-05,3.49495049149519
"419.27913_8.18",2.4027464703764,23.986550692705,5.02324247797881,5.06369041588793e-06,1.89635206075003e-05,3.48096654863487
"369.15047_1.132",1.76823112822983,22.9754797592849,5.0135025670773,5.24627327104126e-06,1.95982976559097e-05,3.44651801662807
"261.1446_1.2",-1.56881246745137,25.1521681184433,-4.99941158745566,5.5219097268837e-06,2.05766685842582e-05,3.39672715549247
"419.18862_1.048",-1.74301620784138,21.2624683448113,-4.98965152646549,5.72110996430055e-06,2.12660613561346e-05,3.36227229885096
"198.05842_7.645",-1.39636362548133,20.0227729135337,-4.98104430312042,5.90262107124979e-06,2.1886451397852e-05,3.33190943765825
"261.1445_1.564",-2.38054881262818,22.0461826558248,-4.97626516736293,6.00583208708447e-06,2.21594494247599e-05,3.31505959370583
"218.11372_0.981",1.03310231904845,21.5669993448929,4.95587495239325,6.46643599960758e-06,2.38002976103493e-05,3.24324263857631
"255.08442_0.959",-1.28610815373963,19.157966088892,-4.94458245751319,6.73625658595925e-06,2.4732628347468e-05,3.20352026224734
"259.06921_0.922",2.73723335825945,22.4270349935013,4.92659428745576,7.18902669177077e-06,2.62662487421283e-05,3.14032135281041
"388.18556_7.399",-2.09396087941851,22.4723350090563,-4.89413258211561,8.08281003403993e-06,2.93884694926986e-05,3.02651099897271
"302.14971_5.66",2.08098987952686,23.7925723129106,4.88584249035118,8.32799309065437e-06,3.02066190067802e-05,2.99749591679688
"229.11833_3.18",-1.4840845443844,22.9403180790873,-4.88386893380268,8.38742749756182e-06,3.03487110902116e-05,2.99059153923007
"244.07927_1.279",2.13216049783069,26.4857554331082,4.85922066228306,9.16565796693464e-06,3.30847123722123e-05,2.9044591580016
"255.09739_0.986",1.85957913714928,22.7129936235867,4.83782085057714,9.89836481352064e-06,3.56436309871488e-05,2.8298271420426
"244.12863_1.021",-1.54734418453575,23.3413409125803,-4.82617629791897,1.0320849637065e-05,3.70758579288329e-05,2.78927534424303
"287.24417_0.96",2.15588137681158,20.1265003008347,4.82502823442796,1.03634472952422e-05,3.71398182973035e-05,2.78527950113533
"256.06954_1",-1.19508991508951,20.2032739673084,-4.82075922658096,1.05233596410211e-05,3.76228943729107e-05,2.77042474686004
"222.07953_1.589",-1.67992168193517,25.5619864541663,-4.81642561923424,1.06881621375196e-05,3.81211116238198e-05,2.75535095250521
"291.02282_0.799",1.46569790878355,20.8821214303439,4.79625523936936,1.14890682229957e-05,4.08803425131769e-05,2.68526789924577
"145.03461_0.793",1.0120631158391,20.3421406816983,4.7809545731582,1.21355084472336e-05,4.3078179274777e-05,2.6321895562381
"138.58148_0.941",1.50990388493794,21.2346833335939,4.77569837721819,1.23656874288374e-05,4.36882665219132e-05,2.61397266569512
"192.06524_5.998",-1.50843318169052,19.7038763797937,-4.77569799602607,1.23657042758953e-05,4.36882665219132e-05,2.61397134487762
"246.18123_0.863",1.47339482087894,22.6108250082047,4.76772637823491,1.27229710340071e-05,4.48447308445708e-05,2.58636000264292
"218.04262_0.927",1.51686199573431,20.7402031866381,4.76027973430465,1.30658210149937e-05,4.58875843281902e-05,2.56058519685058
"303.17045_7.506",-1.51247610527237,24.5228960655781,-4.75997363457239,1.30801058131757e-05,4.58875843281902e-05,2.55952608144743
"93.02222_0.81",1.23347708498703,20.7828293524014,4.74585740440453,1.37557290080689e-05,4.81450515282412e-05,2.5107158941447
"334.17618_3.138",-1.42231983851184,23.4319592305381,-4.73471619313502,1.43129521415673e-05,4.99785601586664e-05,2.47223757496604
"391.24835_8.022",-1.96960840167544,22.1323311380131,-4.71448763335033,1.53816295144563e-05,5.35853046805943e-05,2.4024766972712
"297.18536_8.046",-1.75183856387664,22.5347573603938,-4.6848868646007,1.70873006914624e-05,5.93892724728786e-05,2.30063486051901
"130.06531_7.264",1.65926621657446,21.0897118021214,4.67918284747725,1.74365925072638e-05,6.04629990182434e-05,2.28104323415411
"269.08782_2.243",-1.77848834425594,20.6291993155702,-4.67783041798256,1.75204275740966e-05,6.06133960877522e-05,2.27639961451511
"216.95065_0.804",1.99016353427809,25.3246074354502,4.66683605645513,1.82167217524828e-05,6.2877071855344e-05,2.23867257253211
"167.09214_1.001",1.3158136834148,19.899858309409,4.66359252005343,1.84272547850454e-05,6.34575348689611e-05,2.22755009392822
"229.09717_5.598",-1.15515614456042,22.2014807914258,-4.65809317067505,1.87896520025795e-05,6.45571071097801e-05,2.20870018610714
"234.96119_0.805",2.01395682536874,25.1244831539745,4.65649689270602,1.88961409695215e-05,6.47744145820209e-05,2.20323057969896
"121.06512_1.461",2.36347406608022,25.0100457792071,4.6376729575997,2.01972214489222e-05,6.89189925523586e-05,2.13879539060968
"524.34484_7.415",-1.13048193270817,20.3197977552047,-4.6196801641665,2.15224006984938e-05,7.31269798395519e-05,2.07731718622815
"332.14494_1.172",-1.37794357156749,22.4985262916438,-4.6196059822593,2.15280361209896e-05,7.31269798395519e-05,2.07706394758739
"202.14375_7.658",1.65970797828752,19.9579353839386,4.61078914223809,2.22081889824748e-05,7.52666676374371e-05,2.04697882769807
"286.95825_0.806",1.63540928830031,19.8969762932735,4.60555484888211,2.26218482685033e-05,7.62824294633999e-05,2.02913078279751
"136.07587_6.968",-1.06104445811456,22.9352790864355,-4.6055395462516,2.26230685686849e-05,7.62824294633999e-05,2.02907861722602
"150.05508_7.643",-1.3825343438087,22.369635741449,-4.60506843791621,2.266066829854e-05,7.62824294633999e-05,2.02747268199609
"442.27018_5.118",2.46046185562322,21.1610011678175,4.58818947906385,2.40487713464859e-05,8.05929742215567e-05,1.96998535520084
"620.27489_7.378",-1.31901616194004,20.2125774944558,-4.55340430051119,2.71760273329592e-05,9.08698413945823e-05,1.85182405946096
"431.3155_8.217",-1.64552289722188,23.34118612025,-4.55234422230682,2.72773044156911e-05,9.10053496986753e-05,1.8482297486274
"286.95804_0.801",1.64744120645281,19.8255890437932,4.53211918788888,2.9281542260776e-05,9.74750006814277e-05,1.77973062694801
"232.12907_1.036",-1.2679178723444,22.2841680132743,-4.51968271691364,3.0584469064505e-05,0.000101586551349509,1.73768234445012
"323.23755_8.165",1.76215390867787,20.6907085472128,4.49488132263976,3.33536346420365e-05,0.000110539258172059,1.65399324515456
"430.70982_6.391",-1.41889872169603,20.0182513384146,-4.49276348761892,3.36011073119573e-05,0.000111113595481925,1.64685716808119
"375.1046_7.065",-1.59627309967107,22.2227475490604,-4.48982232019033,3.39477561592656e-05,0.000112012640366916,1.6369495565524
"213.1234_1.728",1.93128596756921,24.1243934889872,4.4874489204617,3.42300243041193e-05,0.000112411507279031,1.62895681488599
"207.60298_0.966",-1.41118314459957,19.1644451520268,-4.4734670133757,3.59398704823288e-05,0.000117293956388951,1.58191248502463
"295.12908_4.613",1.23363642654026,24.909027647816,4.4570613303539,3.8052291620604e-05,0.000123891056560736,1.52680416909811
"364.18651_7.634",-1.15634499970205,24.2213706118081,-4.45649985156767,3.81266869656203e-05,0.000123891056560736,1.52491985719869
"537.39026_7.795",2.16484693939467,21.0057872225698,4.45158797223877,3.87835704253932e-05,0.000125752788955063,1.50844064377689
"212.10304_1.117",1.35213811919645,23.540094777591,4.43776176793882,4.06922897649558e-05,0.000131656695611023,1.46210205071378
"229.11834_1.192",-1.58636566080631,22.4301901208192,-4.42193988049074,4.29887516071298e-05,0.000138786961007501,1.40916215107133
"222.11205_7.426",1.30774733329204,19.3499513238532,4.38401164735044,4.90190324146668e-05,0.000157239621616938,1.28263769082778
"247.09769_0.852",1.87664632002037,19.7161363492185,4.3771711965094,5.01908440458878e-05,0.000160653599104145,1.25987677102574
"591.31741_8.448",-2.23414335535154,24.7050133341889,-4.36835789881519,5.1740810526622e-05,0.000165261693323837,1.23057777857032
"173.0422_1.129",-1.47376069641488,24.3361620284293,-4.36573039370613,5.22118337468241e-05,0.000166411333942005,1.22184864475971
"104.07122_1.088",1.4124083349229,25.4220937014338,4.35603918752073,5.39854322357639e-05,0.00017169889063519,1.18967534879524
"110.00913_0.797",1.88975620702494,24.6629725167476,4.34075904799401,5.69013713982177e-05,0.000180589521937564,1.13902136395533
"243.13404_4.417",-1.35601460090952,21.8671694362529,-4.33758270957745,5.75264423665781e-05,0.000182187337558423,1.12850310640745
"434.2247_0.915",1.75624755867104,21.479266990602,4.32854128594447,5.93424282687735e-05,0.00018754210452874,1.09858448027226
"236.95795_0.805",2.25851870008535,21.9806548935289,4.32018725999314,6.10697432988223e-05,0.000192594685182391,1.07096888707528
"120.01164_1.385",1.3645311881291,21.0578941008097,4.30436149556335,6.44767347874932e-05,0.000202912077125346,1.01872937867402
"292.10261_1.517",1.75641696563492,23.7973589267722,4.30092207556505,6.52412161556271e-05,0.000204887509017043,1.00738920788584
"126.02219_1.084",2.54684955171286,26.1829639029768,4.29938242910005,6.55862774451313e-05,0.000205540258604198,1.00231432909453
"230.96623_0.807",2.05776274833255,22.6772260256423,4.2985153841337,6.57813759830179e-05,0.000205721296915576,0.999456847005451
"442.25494_7.576",-1.06148231537963,22.8733460691274,-4.29700366916455,6.6122883024324e-05,0.000206358497438411,0.994475466423584
"311.12413_3.155",1.37530378073093,22.9066038447584,4.29124582361533,6.74394457409031e-05,0.000209752238852671,0.975510599417111
"144.00903_1.4",1.46797232673436,19.9314266625222,4.29102529503436,6.74903732489903e-05,0.000209752238852671,0.974784496521496
"115.03955_1.121",-1.51171353505196,22.2457622996362,-4.2703756152193,7.24280720708865e-05,0.000224631991640141,0.906880136850447
"268.10378_1.236",-1.13051073772844,21.3679146200931,-4.26633438270788,7.34345804374877e-05,0.000227283060940819,0.893610915526068
"132.99835_0.803",1.25418927252088,26.080319812829,4.2652161044728,7.37154861788161e-05,0.000227682058341993,0.88994025323001
"216.01466_0.919",1.00445905847772,23.7187420861472,4.25380209589902,7.66428740533408e-05,0.000236217109188341,0.852503438263163
"83.04985_1.002",2.16654514243535,23.5959778249915,4.25264874898872,7.69448708732876e-05,0.000236217109188341,0.848723498054442
"261.14455_4.09",1.42748200563821,26.3756615122869,4.25262194871323,7.6951902058685e-05,0.000236217109188341,0.848635670127065
"346.90849_0.806",2.41212907509339,20.6976688648948,4.2403447228342,8.02392563977107e-05,0.000245804511418754,0.808432212977396
"431.31365_8.47",-1.63826042995833,22.382692482389,-4.21754702004097,8.67082483598373e-05,0.000265079502128646,0.733940723196401
"233.95608_1.499",1.34692090339242,23.2844375995961,4.21269292660309,8.81494743214835e-05,0.000268936685404445,0.718107444795526
"436.22924_1.242",1.58672586994669,21.0834197964827,4.21049464387227,8.88097741441286e-05,0.000270400491194928,0.710940183911172
"330.16595_1.214",-1.08266254209067,22.4825470618534,-4.18966077463299,9.53102207782067e-05,0.000289603875711468,0.643112658846011
"468.3071_7.471",-1.34428380934392,22.1982678504653,-4.18131819156227,9.80403940953713e-05,0.000297296579665721,0.616002694774553
"294.11819_1.56",-1.77318864234194,22.8249305173137,-4.18008815406269,9.84492838087846e-05,0.000297933388172847,0.612008030496923
"242.08463_4.571",-1.5742199319548,21.0337521427229,-4.16224911676598,0.000104568180543517,0.000315812771076992,0.554145162791731
"58.066_0.799",1.42124799036031,19.8468020284118,4.16083871588327,0.000105067354162155,0.000316045976977727,0.549576065277461
"192.03255_1.395",1.25253186263562,21.3695101591538,4.15778973130852,0.000106154353127745,0.000318675793557841,0.539701514865678
"144.06562_1.156",1.54560433729723,26.2699209834767,4.15312096582794,0.00010783993976301,0.000323088459529979,0.524588672283488
"429.29946_8.338",-1.31740332528014,21.9666326596097,-4.15224288693228,0.00010815983688271,0.000323400071158284,0.521747348696169
"509.17442_0.916",1.76416663765995,19.0906845935998,4.14964766220022,0.000109110691349124,0.00032559325824898,0.513351517219351
"395.29519_8.222",-1.69121612341759,22.1790591700323,-4.14408893629871,0.000111174619091406,0.000331092603178779,0.495378020588688
"121.0167_0.788",2.06490166507541,27.3569229881422,4.12518821064046,0.000118478681382582,0.000351486112966724,0.434362802358165
"137.0459_2.544",1.12524086216367,27.3376696989559,4.1250590479473,0.000118530157158793,0.000351486112966724,0.43394636340283
"245.07668_1.038",-1.30141657310656,21.373588822958,-4.12456742465506,0.0001187262838192,0.000351486112966724,0.43236136490953
"129.01987_0.798",1.39339043027956,22.4680518809339,4.12276188993174,0.000119449274029857,0.000352929018731215,0.426541188430327
"384.15005_1.127",1.4470656081188,24.6377148150417,4.1156436450114,0.000122341326545194,0.000360053648653636,0.403608971484079
"290.08678_1.318",1.62274501895434,21.5899421861377,4.09416090090463,0.000131485780811727,0.000385451467037117,0.334531888596836
"495.31879_7.977",-1.11456739083587,20.6225979498221,-4.07945944023572,0.000138120658802743,0.000403323093346023,0.287374755245834
"255.08629_0.853",2.04120244181455,19.9355536302461,4.07715310316113,0.000139190446137763,0.000405656202946242,0.279985355857993
"134.06023_6.48",-2.77321887811068,23.6964534015272,-4.07291104147573,0.000141179046880675,0.000410563244541309,0.266400035294499
"176.07076_7.271",1.5339077539527,21.5642914750183,4.07206378408957,0.000141579499885635,0.000410563244541309,0.263687610441235
"393.15166_6.212",1.66183343795197,21.4451066193886,4.07181690314873,0.00014169639347654,0.000410563244541309,0.262897300370631
"475.22251_6.353",-1.23377220234294,20.5900325838895,-4.06831913315725,0.000143362571442967,0.000414589057956689,0.251703173481101
"273.06206_7.102",-1.11118544048107,21.0002950211008,-4.05653774006106,0.000149115016323184,0.000430393630928958,0.214037863202895
"111.09207_0.867",1.19962359989994,19.9578667298789,4.05239336966634,0.000151191059119093,0.000435546551077696,0.200802727717343
"221.01225_7.187",1.77570723607907,20.3096067923035,4.04953434266444,0.00015263946745665,0.000438875090691098,0.191676769779892
"98.0606_1.167",1.02761651703952,24.4636449342975,4.03828769609256,0.00015846817366024,0.000454761157362145,0.155812691440413
"337.25282_8.502",-1.60178333741705,26.2361015920123,-4.03565995877625,0.000159860669131143,0.000457880080991304,0.147441243591117
"538.33699_8.189",1.8141876738623,20.7180140336485,4.02696465235625,0.000164553180734496,0.000470421115916556,0.119761566144345
"273.13114_4.829",-1.27094958948531,22.2015041042799,-4.023937538174,0.00016621776463952,0.000474274688438096,0.110133271358936
"361.23739_8.289",-2.42212173404268,22.0781967312787,-4.02198543074774,0.000167299814246036,0.00047645460406951,0.103926397912453
"536.32208_8.159",1.57197601670937,20.7372690184203,4.00435318306472,0.000177386123501062,0.000502314580348943,0.0479404532574152
"134.03514_0.798",1.27512142027215,24.8049685338737,3.99985664630069,0.00018005068372596,0.000507939593637454,0.0336853376597048
"76.07648_0.951",1.26706332314811,21.7469081710257,3.99574290862448,0.000182522174456002,0.000513944017547165,0.0206517535215651
"314.20757_3.739",-1.38442422421395,20.8088405955007,-3.98067592898145,0.000191856519596218,0.000538373652125626,-0.0270198668958752
"310.17622_1.204",1.05745852128675,22.4759076096043,3.98058077072587,0.000191916909369215,0.000538373652125626,-0.0273206193527509
"251.17949_8.062",-1.3346732247302,20.775143852504,-3.97777086541316,0.000193708423881778,0.000542383586868978,-0.0361996156578224
"199.1481_8.482",-1.27687614835535,22.6509056137173,-3.97047768827937,0.000198433855671072,0.000554578201110572,-0.0592285349262003
"297.18339_7.377",-1.48174451949584,20.504985212899,-3.95384694118459,0.000209628308642448,0.000582603351291999,-0.111651078346831
"133.09719_1.064",1.28583582235147,24.1282588129358,3.95196743028393,0.000210931043658004,0.000585138339629054,-0.117567615779278
"92.02537_0.804",1.11858879150691,20.309855133323,3.93787789789067,0.000220948158419483,0.000610726298271464,-0.161868567858447
"269.19004_7.633",-1.26226622803158,20.6097014451754,-3.93784730888943,0.000220970396303827,0.000610726298271464,-0.161964647783247
"261.14464_3.885",1.37106434780898,26.168633962488,3.93608073646851,0.000222258337746876,0.000613154677614769,-0.167512712083972
"332.18902_7.532",-1.56330342840268,22.5541230019989,-3.93060372901404,0.000226297512203875,0.000623150134708463,-0.184704539686676
"154.9418_1.384",-2.23058409497076,20.8164723783558,-3.92754706376975,0.000228582358885351,0.000628286924055516,-0.194293102941035
"374.97351_0.927",1.95265348864489,19.9594438154401,3.92207171604624,0.000232730782221231,0.000638517787119789,-0.211458097810765
"379.21136_7.705",2.03073509091745,22.613871234916,3.91815583940152,0.000235741999927259,0.000644418824618674,-0.223725681473256
"237.08697_1.235",1.08556942183826,20.5875978955783,3.91426188809017,0.000238773512366433,0.000651516796948846,-0.235917509751299
"430.70967_5.426",-1.43679206731697,19.819298625624,-3.90896260395967,0.000242959410577408,0.000661733085536287,-0.252498044370626
"546.35454_7.886",1.70345945119263,20.5375056706584,3.90530698853305,0.000245888025888236,0.000668494124828635,-0.263928192010539
"152.05685_1.182",-2.19293777073277,26.9262360988866,-3.90357013701464,0.000247291336698538,0.000671091344881178,-0.269356682317738
"406.13201_1.225",2.08372385203628,23.4803196661324,3.89576309799378,0.000253694823456672,0.000687223952148454,-0.29373997474976
"218.94785_0.804",2.09419940542029,22.1523623454783,3.89337848164827,0.00025568231954905,0.000691357607733713,-0.301182019932914
"305.15713_6.949",1.74122322873654,19.6148998021312,3.89004293323023,0.000258487520086073,0.000697683432592679,-0.311587308609915
"417.20333_7.802",-1.23658385647922,19.8854844925283,-3.88094085073387,0.000266293745220993,0.000717460486224904,-0.339954751499041
"234.1448_0.849",1.24281287210253,20.2136712755202,3.88013331981062,0.000266997149913993,0.000718064148242661,-0.34246960736491
"116.98627_0.802",1.06601182537785,28.5450426421811,3.86997082403931,0.000276003338665514,0.000740955199499892,-0.374091857067475
"221.07692_0.99",-1.29599535359296,22.1858283167907,-3.86882394529288,0.000277037868000212,0.000742402014784111,-0.377657486824685
"126.02223_1.207",2.32841604815759,24.0400566937541,3.85931717581767,0.000285757989863438,0.000764402622884697,-0.407189868101955
"325.14054_6.466",-1.23599192043513,18.7372195041785,-3.8524468563251,0.000292223330156521,0.000780304008154132,-0.428505471077157
"235.01254_1.127",-1.41052661934151,22.0923428113412,-3.84840001623123,0.000296097140292164,0.000789241131953136,-0.44105051546046
"171.07653_1.383",1.75641143213891,23.5365227703705,3.82856389321941,0.00031580944679141,0.000840288723434339,-0.502428300036835
"221.07692_0.979",-1.31009105157545,22.1715038282919,-3.81009563632361,0.000335290347927783,0.000890540675879111,-0.559403288661263
"123.05555_0.998",1.47557006726061,23.2251800897143,3.79948146080397,0.000347002927170891,0.000920018380357514,-0.592073482801056
"84.9604_0.805",1.08370424169103,31.4383222950757,3.79079589909687,0.000356878313443746,0.000942863692308168,-0.618766642492297
"114.06658_0.994",2.11193792429779,23.8161260847292,3.78612543857863,0.000362299433783803,0.000955500971493198,-0.633105042531871
"330.16543_1.209",-1.02855224339007,22.5223788973985,-3.78175401956775,0.000367444922158009,0.000967368178194547,-0.646515706666838
"203.05263_1.274",1.20405261618787,25.0863404027487,3.77991062140183,0.000369635677799927,0.000971428500604019,-0.652168086493327
"437.71155_4.738",-1.43742986095583,18.7304515126507,-3.77706354767849,0.000373043857674487,0.000978668474249355,-0.660894742851966
"328.22313_5.047",-1.18553038610841,23.2659773208413,-3.76341924646588,0.000389799601385054,0.0010208388162147,-0.702660989039428
"591.31833_7.322",-2.50337083882429,27.1868314337274,-3.75957026157827,0.000394655235537934,0.00103175138365763,-0.714426423904825
"403.17104_1.207",1.26826843296821,23.3764778165765,3.75589271432455,0.000399348696801479,0.00104220269653069,-0.725660971556659
"387.25466_7.953",-1.83252500159194,22.1738777276793,-3.75144421738324,0.000405097564969154,0.00105536722143268,-0.739241744758956
"204.13438_0.851",1.38025764537271,23.5792537575172,3.72031062322722,0.000447608346838438,0.00116214692568015,-0.834013534919987
"561.30931_7.021",2.06155063150863,19.2346953395664,3.72029128570274,0.000447636032121126,0.00116214692568015,-0.834072248469267
"202.61072_0.97",1.72705581665342,19.5648724712356,3.70959118034774,0.000463209189365673,0.00120049717243906,-0.866531617684535
"130.96536_0.802",1.10585685759589,26.0281809361397,3.69154487282854,0.000490655169276367,0.00126506272560413,-0.921145282208157
"130.96536_0.807",1.10585685759589,26.0281809361397,3.69154487282854,0.000490655169276367,0.00126506272560413,-0.921145282208157
"315.18773_0.881",1.45854662816771,21.2278426124067,3.6712995570732,0.000523295630981113,0.0013469018130751,-0.982217129042279
"454.75592_7.307",1.28167715781883,20.5239455259905,3.66558197582001,0.000532883259896529,0.00136701774584751,-0.999426865947627
"162.99144_0.802",1.0648093753497,23.2218569796551,3.66520881329131,0.00053351480464945,0.00136701774584751,-1.00054949151984
"291.049_2.537",1.11752978202327,24.5629354972742,3.66501168287448,0.000533848719172758,0.00136701774584751,-1.00114251167694
"313.17993_7.625",-1.43241138950061,22.971325977644,-3.65873400238276,0.000544587374707177,0.00139181091685468,-1.02001700604392
"423.30938_8.561",-1.22504357524739,22.4612667342808,-3.65160323157868,0.000557035651409083,0.00141670527302344,-1.04143185222739
"133.0971_1.058",1.189446567062,24.0715590746013,3.63510483578058,0.000586887261621255,0.00149009681001465,-1.09087869927565
"276.11905_1.126",1.17047275108797,22.7531890502665,3.63430219618539,0.000588377813107473,0.00149135357704737,-1.09328067653533
"286.17614_1.221",-1.17609767473667,23.2545706142825,-3.62900060354083,0.000598314346856711,0.00151397785741783,-1.10913782042042
"379.711_7.307",1.07331359406335,21.0632647948279,3.62083313563919,0.000613936318214729,0.00155088803488308,-1.13353827389679
"276.10792_1.57",-1.59392742141994,24.3458665305884,-3.60887402137803,0.000637514495395748,0.00160773857593069,-1.16920363965612
"142.05006_1.013",1.23913614070439,19.6603431896105,3.601665490626,0.000652141210987822,0.00163910660077141,-1.19066534846837
"88.95324_0.803",1.02278848635302,26.164718954319,3.59452310669771,0.000666949000308766,0.00166856016843475,-1.21190324644317
"438.16303_7.565",-1.1977285710598,21.3628163463099,-3.58669436456265,0.000683547888451133,0.00170659122816633,-1.2351512200461
"427.16279_7.741",-1.25718658686912,20.5364622372456,-3.58468099670601,0.000687879968249511,0.00171454940505452,-1.24112483048875
"267.17431_8.062",-1.47130545189426,22.8192829020561,-3.57933136875995,0.000699518043406418,0.00174066117777876,-1.25698664301618
"377.26802_8.337",-1.19183539123484,23.1630191009682,-3.55498860573572,0.000754886043478164,0.00187532221082967,-1.3289722030242
"377.14531_6.276",-1.31819801427303,23.148493155644,-3.54823053004952,0.000770982612676846,0.00190897843601639,-1.34890101971646
"224.9638_1.399",-2.01051420409636,20.3730050343828,-3.54365179120463,0.00078207350735482,0.00193324441257017,-1.36238934238853
"266.10566_1.245",-1.15252111531218,20.7979263185552,-3.53528419079122,0.000802735503764074,0.00197940828330581,-1.38701010383957
"625.32424_7.098",-1.02067054727498,18.6840205296785,-3.52742895406325,0.000822604241630831,0.00202341732998848,-1.4100890725584
"144.10203_0.831",1.47131031840962,21.0260425390911,3.51739558432704,0.000848663288741076,0.0020772836708074,-1.43951913051482
"566.17773_7.119",1.53849049723302,18.9484932078281,3.50337342042915,0.000886400400451777,0.00216611386603061,-1.48055799129546
"306.12967_1.025",-1.06560323248287,21.4881795340571,-3.47142032698445,0.000978440392448809,0.00238713958939465,-1.57367573327112
"329.19458_8.359",-1.2244439925459,22.9900265442828,-3.463387202171,0.0010029686410463,0.00244300329152415,-1.59699789816465
"708.25512_1.087",1.05007750592991,20.8785348631749,3.43363706117283,0.00109898732213699,0.0026682058485595,-1.68305960178085
"236.92095_0.81",1.38355617758801,19.7874984179063,3.38758017272477,0.00126500624028144,0.00305149653452754,-1.81532029280983
"359.1641_0.89",-1.31191987312423,22.2585482170174,-3.3606183368389,0.00137293659571702,0.0032959279172822,-1.89219069394988
"254.02342_7.177",1.1051666411134,18.7843832846281,3.3336753259135,0.00148945243067841,0.00356421683890776,-1.968593036587
"365.10555_1.127",-1.19668938426177,23.8203500791172,-3.30674986867466,0.00161518308945031,0.00385892227750648,-2.04452799313302
"593.33315_7.375",-2.99695366616004,25.1686546509778,-3.26901042591255,0.00180835532293862,0.00429305273179405,-2.15025062093365
"439.16436_5.083",1.2696422095824,19.3663019590267,3.26196024188571,0.00184677569935216,0.00437732594561636,-2.16990830669325
"282.06418_1.132",1.36284005007939,24.01964052737,3.26085911321076,0.00185284536331615,0.00438477465126002,-2.17297588555517
"319.16542_7.376",-1.61286871861373,21.8993522195134,-3.25743145297695,0.00187185991822906,0.00442278573739295,-2.18252025157145
"457.23515_7.315",1.21688258673225,21.9831811643561,3.24375250726976,0.0019495881905663,0.00459195457463572,-2.22054028496578
"289.09073_1.164",-1.05937078167965,21.4300631251274,-3.23649998583599,0.0019920223435739,0.00467719352770173,-2.24065335630711
"476.76985_7.377",1.22320949357557,20.3399802500852,3.22170627878417,0.0020812890070244,0.00487151708206648,-2.28158299110422
"343.17464_7.796",-1.53968243706353,23.3834760273724,-3.20489036192243,0.00218732341185192,0.00509581721765813,-2.32794862776517
"337.16049_1.144",1.0346116167865,24.7639751744153,3.20191657978254,0.00220659547792242,0.0051327329595152,-2.33613042909064
"219.09762_1.179",1.05753937220657,22.6829797611854,3.18162436256356,0.00234242380967029,0.00543181248743976,-2.39181843173729
"170.08112_1.385",-1.00363485467166,19.0988255776439,-3.17420028306622,0.00239405090589316,0.00552586788448068,-2.41213017456042
"126.05517_1.145",1.52797523959968,25.933872895712,3.12614240614075,0.00275495835472489,0.00632964358186791,-2.54280073449826
"174.07613_1.202",-1.1179248074813,22.2152572799192,-3.12359391526374,0.00277545356382825,0.00636696698103326,-2.54969061226649
"205.08197_1.005",-1.00348065490858,23.9799052458083,-3.1222337397289,0.00278645059632426,0.00638242047904241,-2.55336622573932
"205.08199_1.006",-1.00348065490858,23.991860751053,-3.09903774445629,0.00298038709342057,0.00680582296637806,-2.61587290429754
"413.30498_8.221",-1.15930668031009,23.809256132086,-3.04265612220547,0.00350568646518083,0.00795684594672861,-2.76640707982034
"215.05485_1.368",1.02509863997063,19.8983380017019,3.04128053302468,0.00351952235194616,0.00797616411984168,-2.77005481643965
"635.34036_6.869",1.62484096169293,19.491225406385,2.99700024196072,0.00399308257598503,0.00900849051027948,-2.88683362636945
"223.10774_2.981",-1.65984268770333,21.8507058778761,-2.99540739752028,0.00401117550138738,0.00903570060312526,-2.89101106130261
"204.13441_0.849",1.36494482960454,23.449248658788,2.98231350160597,0.00416282604784431,0.00933519973004608,-2.92528972112627
"222.07964_1.375",-1.31986267952704,25.1897926868057,-2.97885745813288,0.00420373388036407,0.00939879604893339,-2.93431894342283
"388.25828_7.411",-1.04865249268205,19.6689418288171,-2.95528136792164,0.00449292659988036,0.00998576268044625,-2.9957078172002
"132.0657_1.109",1.27150224852527,20.715972369122,2.94401308049761,0.0046375817349108,0.0102919962057724,-3.02492162397617
"388.20861_6.932",1.44977323139739,18.8791936169461,2.93932078207346,0.00469908447599117,0.0104130599778621,-3.03706236149221
"362.88596_0.808",1.9031145148704,20.2353149365471,2.89305999356511,0.00534727973942648,0.0117624450068442,-3.15598474492952
"587.2871_7.287",1.59043726034656,19.8677742987696,2.86429818965192,0.00579104894964939,0.0127199286313413,-3.22921067633205
"346.25895_7.493",-1.25864324308196,20.5253134439874,-2.85642032593088,0.00591840747407881,0.0129427363447738,-3.24917127809127
"201.12344_1.183",-1.32982081116108,21.7620065092182,-2.84572732949204,0.00609542108224798,0.0132910346160225,-3.27619840277761
"398.17077_7.568",-1.47848301835291,23.8773191717443,-2.83082538094166,0.00635027495034436,0.0137268569633706,-3.31373604664281
"329.2114_7.965",-1.37090506784791,23.1417734467649,-2.8043422779601,0.0068275961621313,0.0146739441188991,-3.38007717888043
"104.07114_0.971",1.54178742096837,22.8701584973952,2.76619934814183,0.00757334742643314,0.01618384371583,-3.47479008164436
"104.07112_0.965",1.55579456401749,22.8435257899102,2.76340168397954,0.00763089246306009,0.0162691031659787,-3.4816978609645
"120.98129_0.796",1.01505082717932,25.4436059476216,2.749815038959,0.00791611405479825,0.0168334426586163,-3.51516856396576
"555.31168_8.071",1.14312264500944,21.9049258536758,2.74952626787568,0.00792228109100433,0.0168334426586163,-3.51587857420046
"286.17607_3.832",-1.40597679250493,21.5355900972303,-2.73905102589247,0.00814899764356077,0.0172906493910114,-3.5415955216504
"87.05598_1.044",-1.3987282218069,22.2606813742013,-2.71683325029756,0.00864969521994073,0.0183011912986882,-3.5958896275525
"255.01739_5",1.1001452009792,21.8616224819736,2.71608323452675,0.00866707948358049,0.0183121086973252,-3.59771648762796
"214.91747_0.8",1.85119614405944,23.9565303490434,2.70762015438507,0.00886547291746104,0.0186261969570219,-3.6183034330601
"527.25215_0.886",-1.16061633017607,21.4786935314706,-2.69035892825959,0.00928306884705924,0.0193947519287235,-3.66013765910075
"347.22201_7.965",-1.13211768484444,23.1276278932885,-2.67905560496023,0.00956620029900565,0.0199306926952858,-3.68741945030667
"161.02955_0.806",1.2546143731033,24.3293156129058,2.67556897668277,0.00965511581543226,0.0200601435388592,-3.69581672206503
"161.02957_0.797",1.2546143731033,24.3293156129058,2.67556897668277,0.00965511581543226,0.0200601435388592,-3.69581672206503
"237.00713_4.979",1.16600806939152,22.0000535566304,2.60733919445739,0.0115542547984963,0.0237424879124108,-3.85841423248374
"138.05508_1.149",1.12647528737296,27.8543084755087,2.60248482889872,0.0117015487280289,0.0239793707176296,-3.86985642525125
"456.33194_8.096",1.06725293070285,20.5101633802393,2.59244876520887,0.0120114987883336,0.0244805784828895,-3.8934588235793
"527.16154_2.538",1.53267323950335,21.7277260568411,2.58408664685612,0.012275431698099,0.0249506060837886,-3.91306927555812
"232.92821_0.805",1.76189559241195,24.1461964694049,2.57729199205074,0.0124937594648666,0.0253599616238078,-3.92896673227019
"329.18762_7.291",1.01493389774008,20.9034813002325,2.56406073748628,0.012929058162747,0.0261020608191308,-3.95982833809241
"628.33081_5.169",1.50795154080733,20.7972764845635,2.52727331760236,0.0142125919758831,0.0284631855345894,-4.0449672658164
"255.1452_3.028",1.00970375910839,20.6683958269505,2.50352622446027,0.0151012811041355,0.0301622921253267,-4.0994020229573
"313.18008_7.739",1.02960459555315,22.7133598383767,2.49972413533696,0.0152481396292887,0.0304150641340538,-4.10807902714885
"353.19286_7.093",-1.05467061353006,22.4941873893938,-2.48951018427218,0.0156490681078208,0.031173276629675,-4.13133630787826
"141.06591_1.077",1.2809775869271,25.8981017002013,2.48138114860988,0.0159749284808027,0.0315705050979451,-4.14979125524604
"642.86965_7.005",1.22626449767401,18.6832457441898,2.47340437018857,0.0163006206571431,0.0321717124432153,-4.16785308533169
"290.08686_1.453",1.38174930636154,21.5698156333395,2.46433743212665,0.0166780812897145,0.0327441228990724,-4.18832616376178
"330.19147_7.577",-1.07364467881472,22.4333555527923,-2.45644211210129,0.0170131587279281,0.0333146559142959,-4.20610406277584
"327.08712_6.57",1.02407622659298,19.9332229427792,2.44761877938323,0.0173947797586084,0.0340174674652682,-4.22591673593784
"572.29896_7.178",-1.12900740831401,19.2639477250996,-2.43365615094585,0.0180144297042354,0.0350918279544143,-4.25715106741248
"380.11805_1.285",1.1400891067417,21.9562207022562,2.37884474967168,0.0206430075659816,0.0398026813880991,-4.37835021954654
"263.13911_1.282",1.01847160676897,21.8408254942984,2.37879942891879,0.0206453160470981,0.0398026813880991,-4.37844949537553
"521.3095_8.533",1.08915433730134,22.3772620920265,2.34950467089792,0.0221866749175237,0.0426097936236544,-4.4422937983566
"167.04535_4.19",1.30761604645362,21.0908789647576,2.32628295532935,0.0234805803023457,0.0448646802205535,-4.492437706208
"461.23844_7.725",-1.07864889012454,21.0010009288045,-2.32454072935075,0.0235803132249634,0.0449978461286562,-4.49618313615563
"301.21657_8.514",1.09049088199915,24.0036343112947,2.31144974582503,0.0243418371273643,0.046215553886935,-4.52425150466957
