mz_rt_min,calculated_mw,mz_ratio,rt_min,mode
72.08159_1.171,54.04777,72.08159,1.171,positive
55.0551_1.003,54.04781,55.0551,1.003,positive
132.99837_0.801,55.00456,132.99837,0.801,positive
113.03495_1.263,56.01384,113.03495,1.263,positive
57.05806_1.189,56.05079,57.05806,1.189,positive
58.066_0.799,57.05867,58.066,0.799,positive
58.06601_1.092,57.05873,58.06601,1.092,positive
91.02463_0.802,57.99119,91.02463,0.802,positive
103.0388_2.207,58.0406,103.0388,2.207,negative
59.01236_0.882,60.01975,59.01236,0.882,negative
61.02928_0.045,60.02201,61.02928,0.045,positive
68.98293_0.809,67.97544,68.98293,0.809,positive
69.03428_1.187,68.02689,69.03428,1.187,positive
86.09713_1.235,68.0633,86.09713,1.235,positive
69.07071_1.616,68.0633,69.07071,1.616,positive
69.98368_0.805,68.97611,69.98368,0.805,positive
70.06583_1.066,69.05851,70.06583,1.066,positive
70.06594_0.877,69.05864,70.06594,0.877,positive
130.0498_1.263,71.03594,130.0498,1.263,negative
104.07114_0.971,71.03766,104.07114,0.971,positive
70.99718_0.801,72.00456,70.99718,0.801,negative
73.01424_0.8,72.00688,73.01424,0.8,positive
117.05447_3.687,72.0563,117.05447,3.687,negative
106.05033_1.271,73.01691,106.05033,1.271,positive
74.06082_1.054,73.05351,74.06082,1.054,positive
73.02809_1.809,74.03537,73.02809,1.809,negative
190.10749_1.146,74.03716,190.10749,1.146,positive
74.00556_1.4,75.01288,74.00556,1.4,negative
120.01115_1.02,75.01294,120.01115,1.02,negative
76.04007_1.018,75.0328,76.04007,1.018,positive
76.07648_0.951,75.06913,76.07648,0.951,positive
77.00909_0.801,76.00169,77.00909,0.801,positive
75.00737_0.309,76.01464,75.00737,0.309,negative
79.95589_2.96,80.96316,79.95589,2.96,negative
79.9559_1.076,80.96317,79.9559,1.076,negative
79.9559_1.617,80.96317,79.9559,1.617,negative
82.06583_1.002,81.05849,82.06583,1.002,positive
80.96372_1.604,81.971,80.96372,1.604,negative
83.04985_1.002,82.04257,83.04985,1.002,positive
141.06585_0.905,82.05188,141.06585,0.905,negative
83.06111_0.875,82.05358,83.06111,0.875,positive
82.02844_1.591,83.03585,82.02844,1.591,negative
142.04982_1.222,83.03592,142.04982,1.222,negative
84.08141_1.184,83.0741,84.08141,1.184,positive
84.0815_0.871,83.07422,84.0815,0.871,positive
84.9604_0.805,83.95308,84.9604,0.805,positive
83.01242_1.119,84.01994,83.01242,1.119,negative
85.0654_8.101,84.05801,85.0654,8.101,positive
86.09712_1.638,85.08984,86.09712,1.638,positive
86.09713_1.233,85.08985,86.09713,1.233,positive
86.99335_0.8,85.98584,86.99335,0.8,positive
87.05598_1.044,86.04864,87.05598,1.044,positive
131.07024_5.987,86.07207,131.07024,5.987,negative
87.99417_0.797,86.98651,87.99417,0.797,positive
120.06581_1.056,87.03237,120.06581,1.056,positive
88.03995_1.273,87.03247,88.03995,1.273,positive
121.01675_0.801,87.98336,121.01675,0.801,positive
70.99855_0.8,88.00164,70.99855,0.8,positive
87.04374_2.541,88.05116,87.04374,2.541,negative
90.05558_1.038,89.04831,90.05558,1.038,positive
90.97727_0.908,89.96999,90.97727,0.908,positive
91.02466_0.806,90.01742,91.02466,0.806,positive
89.02303_1.501,90.03031,89.02303,1.501,negative
91.05482_2.488,90.04754,91.05482,2.488,positive
91.05487_1.721,90.04759,91.05487,1.721,positive
91.05489_1.206,90.04761,91.05489,1.206,positive
135.94539_0.318,90.94711,135.94539,0.318,negative
92.02537_0.804,91.01815,92.02537,0.804,positive
90.96994_0.801,91.97707,90.96994,0.801,negative
93.02222_0.81,92.01497,93.02222,0.81,positive
223.02456_0.92,92.03071,223.02456,0.92,positive
93.04534_0.892,92.03789,93.04534,0.892,positive
92.92663_1.431,93.9339,92.92663,1.431,negative
95.04973_1.209,94.04205,95.04973,1.209,positive
95.04973_1.724,94.04207,95.04973,1.724,positive
93.0444_0.9,94.05169,93.0444,0.9,negative
93.04444_1.171,94.05172,93.04444,1.171,negative
95.06097_0.85,94.0536,95.06097,0.85,positive
96.04497_1.146,95.03765,96.04497,1.146,positive
94.97946_1.482,95.98676,94.97946,1.482,negative
94.98905_1.403,95.99669,94.98905,1.403,negative
98.0606_1.167,97.05309,98.0606,1.167,positive
98.97592_0.795,97.96841,98.97592,0.795,positive
96.96824_1.383,97.9755,96.96824,1.383,negative
98.98474_1.387,97.97746,98.98474,1.387,positive
100.02498_0.801,99.01774,100.02498,0.801,positive
98.02336_0.975,99.03078,98.02336,0.975,negative
243.06208_1.228,99.03175,243.06208,1.228,negative
100.07624_0.999,99.06896,100.07624,0.999,positive
101.00888_0.799,100.00146,101.00888,0.799,positive
99.00735_1.673,100.01479,99.00735,1.673,negative
101.02387_1.818,100.01659,101.02387,1.818,positive
118.0866_1.002,100.05281,118.0866,1.002,positive
133.0971_1.058,100.06376,133.0971,1.058,positive
101.10789_0.596,100.10062,101.10789,0.596,positive
99.92444_0.306,100.93158,99.92444,0.306,negative
102.00958_0.799,101.00213,102.00958,0.799,positive
119.07346_2.498,101.03965,119.07346,2.498,positive
100.03906_1.896,101.04636,100.03906,1.896,negative
100.03906_0.889,101.04647,100.03906,0.889,negative
100.03901_1.074,101.04655,100.03901,1.074,negative
103.00639_0.801,101.99898,103.00639,0.801,positive
120.08112_6.808,102.04731,120.08112,6.808,positive
104.03478_0.988,103.02704,104.03478,0.988,positive
104.07112_0.965,103.06385,104.07112,0.965,positive
104.07122_1.088,103.06395,104.07122,1.088,positive
104.10749_1.082,103.10022,104.10749,1.082,positive
102.98739_0.8,103.99467,102.98739,0.8,negative
105.00376_0.802,103.99641,105.00376,0.802,positive
103.03878_2.201,104.04606,103.03878,2.201,negative
106.00446_0.801,104.99714,106.00446,0.801,positive
88.95324_0.803,105.9565,88.95324,0.803,positive
107.00129_0.801,105.99388,107.00129,0.801,positive
107.04958_2.492,106.0423,107.04958,2.492,positive
108.04481_1.136,107.03745,108.04481,1.136,positive
106.97936_1.403,107.98714,106.97936,1.403,negative
126.10284_0.853,108.06906,126.10284,0.853,positive
110.00913_0.797,109.00176,110.00913,0.797,positive
127.05045_1.006,109.01672,127.05045,1.006,positive
108.0553_0.9,109.063,108.0553,0.9,negative
110.07174_0.897,109.06446,110.07174,0.897,positive
111.00986_0.797,110.00276,111.00986,0.797,positive
155.0451_1.034,110.04687,155.0451,1.034,negative
111.0557_1.074,110.04825,111.0557,1.074,positive
111.09207_0.867,110.08454,111.09207,0.867,positive
112.00665_0.799,110.99937,112.00665,0.799,positive
112.07609_1.133,111.06868,112.07609,1.133,positive
112.07606_0.871,111.06874,112.07606,0.871,positive
110.97444_1.563,111.98172,110.97444,1.563,negative
113.03495_1.532,112.02768,113.03495,1.532,positive
113.03497_1.267,112.02769,113.03497,1.267,positive
113.07132_1.066,112.06403,113.07132,1.066,positive
112.03906_1.246,113.04648,112.03906,1.246,negative
114.06658_0.994,113.05931,114.06658,0.994,positive
146.11765_1.134,113.08416,146.11765,1.134,positive
114.09175_4.395,113.08445,114.09175,4.395,positive
112.93598_1.615,113.94326,112.93598,1.615,negative
115.03955_1.121,114.03222,115.03955,1.121,positive
115.03951_1.818,114.03223,115.03951,1.818,positive
115.05432_3.655,114.04712,115.05432,3.655,positive
113.07067_1.003,114.07838,113.07067,1.003,negative
115.08698_0.877,114.07955,115.08698,0.877,positive
113.9354_1.615,114.94268,113.9354,1.615,negative
148.01452_0.799,114.9812,148.01452,0.799,positive
174.04001_1.542,115.02614,174.04001,1.542,negative
114.05493_1.017,115.06303,114.05493,1.017,negative
116.07098_0.876,115.06364,116.07098,0.876,positive
116.07099_1.144,115.06371,116.07099,1.144,positive
148.13335_1.185,115.09986,148.13335,1.185,positive
116.98627_0.802,115.97899,116.98627,0.802,positive
114.98735_0.797,115.99463,114.98735,0.797,negative
115.00242_2.154,116.0097,115.00242,2.154,negative
115.00242_1.239,116.0097,115.00242,1.239,negative
117.97979_0.329,116.97251,117.97979,0.329,positive
115.98792_0.797,116.9952,115.98792,0.797,negative
116.03402_1.232,117.04135,116.03402,1.232,negative
233.07761_1.025,117.04243,233.07761,1.025,negative
118.06546_7.739,117.05818,118.06546,7.739,positive
118.0866_1.171,117.07933,118.0866,1.171,positive
118.08659_1.001,117.07937,118.08659,1.001,positive
118.12288_1.158,117.11561,118.12288,1.158,positive
119.01926_0.805,118.01202,119.01926,0.805,positive
117.01809_1.812,118.02536,117.01809,1.812,negative
119.04936_1.72,118.04207,119.04936,1.72,positive
119.04938_8.156,118.04211,119.04938,8.156,positive
119.04944_1.209,118.04216,119.04944,1.209,positive
117.05442_3.687,118.0617,117.05442,3.687,negative
120.01164_1.385,119.00428,120.01164,1.385,positive
120.01976_0.803,119.01255,120.01976,0.803,positive
120.06087_0.978,119.05358,120.06087,0.978,positive
120.06582_1.058,119.05854,120.06582,1.058,positive
120.0811_6.814,119.07382,120.0811,6.814,positive
120.10211_1.014,119.09484,120.10211,1.014,positive
152.96926_0.327,119.93578,152.96926,0.327,positive
118.92939_0.937,119.93667,118.92939,0.937,negative
120.98129_0.796,119.97399,120.98129,0.796,positive
121.0167_0.788,120.00944,121.0167,0.788,positive
121.02865_1.254,120.02126,121.02865,1.254,positive
121.03995_1.169,120.03253,121.03995,1.169,positive
119.0337_1.155,120.04133,119.0337,1.155,negative
165.05485_6.588,120.05667,165.05485,6.588,negative
121.06509_1.182,120.05779,121.06509,1.182,positive
121.06512_1.461,120.05781,121.06512,1.461,positive
144.00903_1.4,121.01989,144.00903,1.4,positive
70.06594_1.144,121.09077,70.06594,1.144,positive
244.16566_0.862,121.5792,244.16566,0.862,positive
243.06216_1.229,122.03481,243.06216,1.229,negative
121.02829_5.672,122.03556,121.02829,5.672,negative
123.04427_1.723,122.03699,123.04427,1.723,positive
123.0443_1.209,122.03702,123.0443,1.209,positive
121.03958_4.177,122.04686,121.03958,4.177,negative
123.05555_0.998,122.04827,123.05555,0.998,positive
123.59452_0.883,122.58703,123.59452,0.883,positive
124.0873_0.944,123.07953,124.0873,0.944,positive
124.00615_1.206,125.01343,124.00615,1.206,negative
124.00616_1.075,125.01344,124.00616,1.075,negative
126.02219_1.084,125.01489,126.02219,1.084,positive
126.02223_1.207,125.01495,126.02223,1.207,positive
126.05517_1.145,125.0479,126.05517,1.145,positive
126.06641_1.057,125.05923,126.06641,1.057,positive
124.9902_1.442,125.9975,124.9902,1.442,negative
125.02327_1.605,126.03078,125.02327,1.605,negative
127.05047_2.941,126.04319,127.05047,2.941,positive
126.00076_5.079,127.00803,126.00076,5.079,negative
128.01947_0.804,127.01225,128.01947,0.804,positive
128.07095_1.193,127.06359,128.07095,1.193,positive
128.07088_0.983,127.06361,128.07088,0.983,positive
145.1084_1.016,127.07484,145.1084,1.016,positive
126.95171_1.778,127.959,126.95171,1.778,negative
161.02957_0.797,127.99609,161.02957,0.797,positive
126.99599_2.456,128.00327,126.99599,2.456,negative
129.01987_0.798,128.01274,129.01987,0.798,positive
129.02028_0.799,128.01338,129.02028,0.799,positive
129.07015_7.851,128.06287,129.07015,7.851,positive
129.1025_0.875,128.09521,129.1025,0.875,positive
111.11722_8.543,128.1205,111.11722,8.543,positive
129.13879_0.772,128.13143,129.13879,0.772,positive
127.92314_1.619,128.93042,127.92314,1.619,negative
128.03414_1.556,129.04155,128.03414,1.556,negative
130.05014_1.277,129.04285,130.05014,1.277,positive
130.06531_7.264,129.05807,130.06531,7.264,positive
130.60226_0.918,129.59484,130.60226,0.918,positive
128.93098_1.562,129.93826,128.93098,1.562,negative
130.96536_0.807,129.95807,130.96536,0.807,positive
128.95834_0.936,129.96561,128.95834,0.936,negative
129.06587_1.001,130.07348,129.06587,1.001,negative
131.57377_0.953,130.56631,131.57377,0.953,positive
130.04982_1.577,131.05708,130.04982,1.577,negative
130.04982_1.255,131.05709,130.04982,1.255,negative
132.0657_1.109,131.05842,132.0657,1.109,positive
130.08618_6.277,131.09346,130.08618,6.277,negative
132.10211_1.63,131.09483,132.10211,1.63,positive
132.10212_1.237,131.09484,132.10212,1.237,positive
130.95654_0.941,131.96379,130.95654,0.941,negative
130.98245_0.801,131.98972,130.98245,0.801,negative
132.99835_0.803,131.99108,132.99835,0.803,positive
133.03475_0.801,132.02747,133.03475,0.801,positive
131.03383_2.548,132.04112,131.03383,2.548,negative
133.0609_1.038,132.05364,133.0609,1.038,positive
131.07024_5.953,132.07751,131.07024,5.953,negative
131.08135_0.883,132.08863,131.08135,0.883,negative
133.09719_1.064,132.09009,133.09719,1.064,positive
116.07099_0.876,132.09016,116.07099,0.876,positive
131.98298_0.797,132.99025,131.98298,0.797,negative
133.99888_0.802,132.99171,133.99888,0.802,positive
134.03262_0.985,133.02534,134.03262,0.985,positive
134.03514_0.798,133.02786,134.03514,0.798,positive
134.04491_1.278,133.03765,134.04491,1.278,positive
134.06023_6.48,133.05296,134.06023,6.48,positive
132.06538_0.979,133.07264,132.06538,0.979,negative
134.11768_1.123,133.11041,134.11768,1.123,positive
133.0131_1.402,134.02037,133.0131,1.402,negative
133.01309_1.239,134.0204,133.01309,1.239,negative
133.0495_1.675,134.05678,133.0495,1.675,negative
133.04948_1.262,134.05687,133.04948,1.262,negative
136.07583_1.719,135.06857,136.07583,1.719,positive
136.07587_6.968,135.06859,136.07587,6.968,positive
136.07583_1.219,135.06859,136.07583,1.219,positive
134.87398_0.81,135.88122,134.87398,0.81,negative
134.97468_1.621,135.98297,134.97468,1.621,negative
135.02874_1.133,136.03638,135.02874,1.133,negative
137.0459_2.544,136.03862,137.0459,2.544,positive
137.04592_1.319,136.03864,137.04592,1.319,positive
137.04592_1.821,136.03864,137.04592,1.821,positive
135.04406_4.288,136.05171,135.04406,4.288,negative
137.05929_7.845,136.0525,137.05929,7.845,positive
137.05985_1.214,136.05262,137.05985,1.214,positive
136.00625_1.367,137.01391,136.00625,1.367,negative
138.05508_1.149,137.0478,138.05508,1.149,positive
136.05043_0.902,137.0577,136.05043,0.902,negative
136.07555_6.964,137.08283,136.07555,6.964,negative
138.58148_0.941,137.57413,138.58148,0.941,positive
136.87096_0.811,137.87836,136.87096,0.811,negative
137.03449_1.176,138.04201,137.03449,1.176,negative
139.0503_1.168,138.04303,139.0503,1.168,positive
138.05495_4.602,139.06223,138.05495,4.602,negative
138.05494_6.969,139.06234,138.05494,6.969,negative
138.96955_1.48,139.97684,138.96955,1.48,negative
185.00608_1.849,140.0079,185.00608,1.849,negative
141.01592_1.828,140.00864,141.01592,1.828,positive
139.05011_1.078,140.05755,139.05011,1.078,negative
141.06591_1.077,140.05867,141.06591,1.077,positive
142.03506_0.802,141.02778,142.03506,0.802,positive
140.03422_1.24,141.04177,140.03422,1.24,negative
142.05006_1.013,141.0427,142.05006,1.013,positive
159.11286_0.876,141.07906,159.11286,0.876,positive
284.17155_0.86,141.58216,284.17155,0.86,positive
164.93025_0.909,141.94101,164.93025,0.909,positive
221.07692_0.979,142.05605,221.07692,0.979,positive
144.04793_0.941,143.04066,144.04793,0.941,positive
142.04977_1.164,143.05711,142.04977,1.164,negative
144.06562_1.156,143.05837,144.06562,1.156,positive
144.10203_0.831,143.09471,144.10203,0.831,positive
177.00717_0.801,143.97367,177.00717,0.801,positive
145.03461_0.793,144.02733,145.03461,0.793,positive
143.03389_0.874,144.04131,143.03389,0.874,negative
288.96966_1.628,144.98798,288.96966,1.628,negative
144.04442_7.272,145.0517,144.04442,7.272,negative
146.06016_7.255,145.05288,146.06016,7.255,positive
146.08131_0.984,145.07405,146.08131,0.984,positive
146.11767_1.136,145.11038,146.11767,1.136,positive
147.01391_0.8,146.00663,147.01391,0.8,positive
145.01322_1.693,146.02054,145.01322,1.693,negative
145.01322_1.237,146.02098,145.01322,1.237,negative
145.09713_0.88,146.10441,145.09713,0.88,negative
147.11291_0.872,146.10568,147.11291,0.872,positive
189.12346_1.179,147.08964,189.12346,1.179,positive
148.13331_1.183,147.12603,148.13331,1.183,positive
148.13331_1.494,147.12603,148.13331,1.494,positive
146.9224_0.322,147.92966,146.9224,0.322,negative
130.96536_0.802,147.96861,130.96536,0.802,positive
146.98196_1.447,147.98924,146.98196,1.447,negative
147.01113_3.376,148.0184,147.01113,3.376,negative
149.02681_1.1,148.01955,149.02681,1.1,positive
147.04414_6.585,148.05142,147.04414,6.585,negative
150.00657_0.981,148.99929,150.00657,0.981,positive
150.01376_0.993,149.00658,150.01376,0.993,positive
150.05508_7.643,149.0478,150.05508,7.643,positive
150.07618_0.985,149.06888,150.07618,0.985,positive
151.00885_0.803,150.00157,151.00885,0.803,positive
149.02341_5.067,150.03069,149.02341,5.067,negative
149.02697_3.699,150.03425,149.02697,3.699,negative
134.0351_0.796,151.03844,134.0351,0.796,positive
152.05676_2.294,151.04948,152.05676,2.294,positive
152.05685_1.182,151.04958,152.05685,1.182,positive
303.20262_0.881,151.09772,303.20262,0.881,positive
152.96927_1.93,151.96206,152.96927,1.93,positive
153.04083_2.056,152.03355,153.04083,2.056,positive
153.04083_2.843,152.03356,153.04083,2.843,positive
151.03908_4.176,152.04636,151.03908,4.176,negative
153.05389_1.18,152.04642,153.05389,1.18,positive
153.0636_0.899,152.05643,153.0636,0.899,positive
152.07069_6.888,153.07806,152.07069,6.888,negative
154.9418_1.384,153.9345,154.9418,1.384,positive
152.98531_1.534,153.9926,152.98531,1.534,negative
153.02954_1.214,154.03707,153.02954,1.214,negative
155.0792_0.9,154.07192,155.0792,0.9,positive
154.06114_0.904,155.06842,154.06114,0.904,negative
156.07691_0.893,155.06963,156.07691,0.893,positive
154.89751_1.441,155.90479,154.89751,1.441,negative
154.92721_1.414,155.93448,154.92721,1.414,negative
198.0374_1.468,156.00359,198.0374,1.468,positive
155.00886_1.758,156.01614,155.00886,1.758,negative
201.03976_1.237,156.04156,201.03976,1.237,negative
157.08365_3.274,156.07637,157.08365,3.274,positive
157.0973_1.024,156.08992,157.0973,1.024,positive
157.17006_0.822,156.16279,157.17006,0.822,positive
196.04841_0.895,157.08528,196.04841,0.895,positive
156.10207_7.334,157.10934,156.10207,7.334,negative
158.96416_0.907,157.95689,158.96416,0.907,positive
157.01087_1.527,158.01815,157.01087,1.527,negative
159.02772_1.862,158.02044,159.02772,1.862,positive
157.061_1.028,158.06852,157.061,1.028,negative
159.0765_1.064,158.06924,159.0765,1.064,positive
157.48547_1.639,158.49303,157.48547,1.639,negative
157.86203_1.443,158.8693,157.86203,1.443,negative
157.99071_2.664,158.99803,157.99071,2.664,negative
160.04546_0.8,159.03819,160.04546,0.8,positive
160.06063_1.379,159.05319,160.06063,1.379,positive
158.06023_6.949,159.06797,158.06023,6.949,negative
158.08132_5.581,159.08859,158.08132,5.581,negative
158.08135_4.104,159.08862,158.08135,4.104,negative
160.09695_1.13,159.08968,160.09695,1.13,positive
160.09705_4.113,159.08981,160.09705,4.113,positive
160.13332_1.179,159.12601,160.13332,1.179,positive
158.49336_1.701,159.50093,158.49336,1.701,negative
161.02955_0.806,160.02227,161.02955,0.806,positive
141.01823_1.537,160.03613,141.01823,1.537,negative
219.09817_1.01,160.08429,219.09817,1.01,negative
161.09211_0.992,160.08486,161.09211,0.992,positive
161.12854_0.855,160.12127,161.12854,0.855,positive
159.97819_0.797,160.98547,159.97819,0.797,negative
160.06058_1.136,161.06802,160.06058,1.136,negative
220.08214_0.875,161.06815,220.08214,0.875,negative
162.07613_1.112,161.06889,162.07613,1.112,positive
381.17325_0.882,161.07952,381.17325,0.882,negative
162.11252_1.02,161.10525,162.11252,1.02,positive
160.8411_1.42,161.84838,160.8411,1.42,negative
160.91985_3.069,161.92713,160.91985,3.069,negative
162.99144_0.802,161.98413,162.99144,0.802,positive
161.05578_0.981,162.06328,161.05578,0.981,negative
369.1273_0.972,162.064,369.1273,0.972,negative
161.99293_1.002,163.00021,161.99293,1.002,negative
162.03987_1.088,163.04713,162.03987,1.088,negative
162.05515_5.024,163.06242,162.05515,5.024,negative
164.07055_7.272,163.0634,164.07055,7.272,positive
163.00614_1.737,164.01347,163.00614,1.737,negative
165.02455_0.802,164.01728,165.02455,0.802,positive
165.05477_1.379,164.04749,165.05477,1.379,positive
182.08133_1.722,164.0475,182.08133,1.722,positive
165.05477_1.209,164.04751,165.05477,1.209,positive
164.03775_1.129,165.04503,164.03775,1.129,negative
166.07248_1.45,165.0652,166.07248,1.45,positive
164.07084_6.827,165.07811,164.07084,6.827,negative
166.08647_6.807,165.07919,166.08647,6.807,positive
164.83516_1.356,165.84244,164.83516,1.356,negative
278.92517_0.788,165.94007,278.92517,0.788,negative
164.95609_1.345,165.96342,164.95609,1.345,negative
164.98547_1.736,165.99297,164.98547,1.736,negative
164.98544_1.55,165.99316,164.98544,1.55,negative
165.02971_4.184,166.03698,165.02971,4.184,negative
167.04535_4.19,166.03802,167.04535,4.19,positive
165.03969_1.545,166.04697,165.03969,1.545,negative
165.03955_1.214,166.047,165.03955,1.214,negative
165.04095_3.372,166.04823,165.04095,3.372,negative
165.05486_6.602,166.06213,165.05486,6.602,negative
167.09214_1.001,166.08475,167.09214,1.001,positive
167.10501_7.201,166.09773,167.10501,7.201,positive
355.26323_8.501,166.13693,355.26323,8.501,positive
203.7985_1.444,166.85006,203.7985,1.444,negative
168.06561_1.142,167.05834,168.06561,1.142,positive
167.00113_1.455,168.00891,167.00113,1.455,negative
167.02013_1.243,168.02741,167.02013,1.243,negative
167.02017_1.744,168.02745,167.02017,1.744,negative
169.09487_0.901,168.08754,169.09487,0.901,positive
168.02681_1.052,169.03435,168.02681,1.052,negative
170.08112_1.385,169.07383,170.08112,1.385,positive
170.09203_0.933,169.08476,170.09203,0.933,positive
168.98032_1.462,169.98782,168.98032,1.462,negative
169.01681_1.453,170.02355,169.01681,1.453,negative
171.05313_0.921,170.04584,171.05313,0.921,positive
171.07653_1.383,170.06926,171.07653,1.383,positive
203.13916_1.228,170.10564,203.13916,1.228,positive
169.89854_1.447,170.90582,169.89854,1.447,negative
169.99086_5.068,170.99814,169.99086,5.068,negative
172.00642_5.078,170.99918,172.00642,5.078,positive
170.0449_1.354,171.05218,170.0449,1.354,negative
170.04492_1.193,171.05221,170.04492,1.193,negative
170.05621_0.994,171.06393,170.05621,0.994,negative
210.06407_0.953,171.10094,210.06407,0.953,positive
172.1697_8.397,171.16294,172.1697,8.397,positive
173.04194_1.298,172.03488,173.04194,1.298,positive
173.0422_1.129,172.03493,173.0422,1.129,positive
205.08197_1.005,172.04847,205.08197,1.005,positive
231.09834_1.109,172.08446,231.09834,1.109,negative
171.94608_1.531,172.95301,171.94608,1.531,negative
172.00971_1.003,173.01693,172.00971,1.003,negative
172.02187_0.999,173.02915,172.02187,0.999,negative
174.07618_1.366,173.06888,174.07618,1.366,positive
174.0762_0.978,173.0689,174.0762,0.978,positive
174.07613_1.202,173.06891,174.07613,1.202,positive
172.09712_6.275,173.10439,172.09712,6.275,negative
172.09712_5.958,173.1044,172.09712,5.958,negative
172.09717_5.304,173.10444,172.09717,5.304,negative
196.09462_6.26,173.10539,196.09462,6.26,positive
196.09471_5.951,173.10546,196.09471,5.951,positive
174.99147_1.827,173.98417,174.99147,1.827,positive
173.05594_1.216,174.06322,173.05594,1.216,negative
173.0559_1.066,174.06369,173.0559,1.066,negative
287.04988_1.057,174.06416,287.04988,1.057,negative
173.09225_1.145,174.09954,173.09225,1.145,negative
175.10784_1.15,174.10056,175.10784,1.15,positive
175.10784_1.005,174.10056,175.10784,1.005,positive
175.14424_0.937,174.13696,175.14424,0.937,positive
174.03997_1.542,175.04725,174.03997,1.542,negative
174.03999_1.263,175.04728,174.03999,1.263,negative
176.05549_1.468,175.04818,176.05549,1.468,positive
176.07076_7.271,175.06348,176.07076,7.271,positive
174.07644_2.211,175.08371,174.07644,2.211,negative
159.07651_1.066,175.09579,159.07651,1.066,positive
352.19806_1.031,175.59539,352.19806,1.031,positive
174.97702_1.457,175.98429,174.97702,1.457,negative
177.00712_0.8,175.99984,177.00712,0.8,positive
177.02453_1.517,176.01725,177.02453,1.517,positive
175.01353_3.701,176.02081,175.01353,3.701,negative
175.0602_1.228,176.0679,175.0602,1.228,negative
175.07155_0.997,176.07882,175.07155,0.997,negative
177.08708_0.976,176.07981,177.08708,0.976,positive
175.09678_7.196,176.10404,175.09678,7.196,negative
176.04314_0.904,177.051,176.04314,0.904,negative
215.0324_1.275,178.08381,215.0324,1.275,negative
179.14308_7.981,178.13583,179.14308,7.981,positive
177.84402_1.433,178.8513,177.84402,1.433,negative
177.91199_1.447,178.91943,177.91199,1.447,negative
224.0231_1.719,179.02481,224.0231,1.719,negative
224.07709_0.884,179.07864,224.07709,0.884,negative
180.08672_0.886,179.07939,180.08672,0.886,positive
180.10204_5.093,179.09475,180.10204,5.093,positive
180.10204_8.012,179.09476,180.10204,8.012,positive
180.10207_7.595,179.09479,180.10207,7.595,positive
178.91965_1.454,179.92693,178.91965,1.454,negative
179.00099_1.532,180.00896,179.00099,1.532,negative
179.84088_1.438,180.84815,179.84088,1.438,negative
180.03287_2.028,181.04014,180.03287,2.028,negative
180.06578_1.218,181.07306,180.06578,1.218,negative
182.0813_6.966,181.07401,182.0813,6.966,positive
182.08135_7.413,181.07403,182.08135,7.413,positive
182.08132_1.37,181.07405,182.08132,1.37,positive
182.08134_1.211,181.07406,182.08134,1.211,positive
180.91174_1.602,181.91914,180.91174,1.602,negative
182.96205_0.804,181.95517,182.96205,0.804,positive
180.97218_0.914,181.97945,180.97218,0.914,negative
180.98049_1.522,181.98837,180.98049,1.522,negative
181.01686_1.45,182.02461,181.01686,1.45,negative
181.03605_2.895,182.04332,181.03605,2.895,negative
181.04986_4.302,182.05714,181.04986,4.302,negative
181.49632_1.611,182.50366,181.49632,1.611,negative
182.01208_1.35,183.01935,182.01208,1.35,negative
184.02762_1.353,183.02034,184.02762,1.353,positive
184.04848_0.931,183.0412,184.04848,0.931,positive
182.08154_6.082,183.08881,182.08154,6.082,negative
182.99611_1.459,184.00367,182.99611,1.459,negative
185.06882_0.918,184.06148,185.06882,0.918,positive
183.09206_5.608,184.09933,183.09206,5.608,negative
185.11672_7.576,184.10946,185.11672,7.576,positive
230.07798_0.993,185.07977,230.07798,0.993,negative
184.09724_6.679,185.10452,184.09724,6.679,negative
186.11269_6.707,185.10544,186.11269,6.707,positive
185.0119_1.419,186.01911,185.0119,1.419,negative
185.0448_1.596,186.05217,185.0448,1.596,negative
185.04479_1.229,186.05231,185.04479,1.229,negative
185.05599_1.02,186.06295,185.05599,1.02,negative
219.09762_1.179,186.06416,219.09762,1.179,positive
245.11426_1.186,186.10038,245.11426,1.186,negative
187.10778_1.117,186.10052,187.10778,1.117,positive
204.13441_0.849,186.10057,204.13441,0.849,positive
186.0376_1.048,187.04475,186.0376,1.048,negative
188.09183_1.195,187.08457,188.09183,1.195,positive
188.11566_0.905,187.10835,188.11566,0.905,positive
186.11287_7.182,187.12015,186.11287,7.182,negative
186.11289_6.861,187.12017,186.11289,6.861,negative
188.12839_7.158,187.12124,188.12839,7.158,positive
188.17583_0.848,187.16855,188.17583,0.848,positive
187.00638_7.082,188.01365,187.00638,7.082,negative
233.01247_1.73,188.01406,233.01247,1.73,negative
189.0523_6.622,188.04502,189.0523,6.622,positive
187.07158_1.26,188.07891,187.07158,1.26,negative
233.07762_1.031,188.07962,233.07762,1.031,negative
187.10812_1.113,188.1154,187.10812,1.113,negative
189.12341_1.027,188.11614,189.12341,1.027,positive
189.12345_1.236,188.11617,189.12345,1.236,positive
189.15981_1.01,188.15254,189.15981,1.01,positive
190.08236_0.978,189.07503,190.08236,0.978,positive
190.10749_1.181,189.10021,190.10749,1.181,positive
188.98565_1.624,189.99295,188.98565,1.624,negative
188.99692_1.146,190.00426,188.99692,1.146,negative
191.02271_0.796,190.01549,191.02271,0.796,positive
189.02933_5.978,190.0366,189.02933,5.978,negative
191.06635_0.992,190.05907,191.06635,0.992,positive
191.07673_0.898,190.06945,191.07673,0.898,positive
191.09158_2.629,190.0843,191.09158,2.629,positive
191.10269_0.982,190.09544,191.10269,0.982,positive
191.16437_8.148,190.15773,191.16437,8.148,positive
192.03255_1.395,191.02528,192.03255,1.395,positive
190.05031_6.005,191.05759,190.05031,6.005,negative
192.06524_5.998,191.05811,192.06524,5.998,positive
190.05369_4.11,191.06097,190.05369,4.11,negative
233.11325_1.11,191.07942,233.11325,1.11,positive
381.1732_0.88,191.09009,381.1732,0.88,negative
192.12314_0.968,191.11585,192.12314,0.968,positive
192.13837_8.168,191.1311,192.13837,8.168,positive
193.0021_1.525,191.99478,193.0021,1.525,positive
191.00143_1.643,192.00901,191.00143,1.643,negative
214.99802_1.432,192.00901,214.99802,1.432,positive
191.01906_1.637,192.02634,191.01906,1.637,negative
191.05543_1.203,192.063,191.05543,1.203,negative
193.08214_0.968,192.07484,193.08214,0.968,positive
192.01713_0.929,193.02523,192.01713,0.929,negative
194.03272_0.921,193.02544,194.03272,0.921,positive
192.06596_6.508,193.07324,192.06596,6.508,negative
192.98068_1.6,193.98822,192.98068,1.6,negative
177.00722_0.798,194.01045,177.00722,0.798,positive
193.01697_1.615,194.02455,193.01697,1.615,negative
193.03469_1.136,194.04197,193.03469,1.136,negative
193.07099_1.185,194.07869,193.07099,1.185,negative
196.03092_0.925,195.02351,196.03092,0.925,positive
194.04865_2.91,195.05593,194.04865,2.91,negative
389.14306_0.983,195.07511,389.14306,0.983,negative
194.92685_1.585,195.93413,194.92685,1.585,negative
176.9351_1.382,195.95301,176.9351,1.382,negative
194.99625_1.527,196.00399,194.99625,1.527,negative
195.00742_1.421,196.01421,195.00742,1.421,negative
195.05036_1.136,196.05763,195.05036,1.136,negative
197.10103_0.903,196.09376,197.10103,0.903,positive
434.22495_0.965,196.09552,434.22495,0.965,positive
195.81047_1.444,196.81775,195.81047,1.444,negative
196.02781_1.152,197.03508,196.02781,1.152,negative
198.05842_7.645,197.05114,198.05842,7.645,positive
198.0851_1.052,197.07784,198.0851,1.052,positive
196.07211_1.079,197.07941,196.07211,1.079,negative
198.08713_1.081,197.07992,198.08713,1.081,positive
196.94633_0.934,197.95361,196.94633,0.934,negative
199.00815_1.525,198.00089,199.00815,1.525,positive
197.01193_1.48,198.01942,197.01193,1.48,negative
199.1481_8.482,198.1408,199.1481,8.482,positive
197.8074_1.443,198.81468,197.8074,1.443,negative
197.98946_2.07,198.99668,197.98946,2.07,negative
200.04068_0.907,199.0334,200.04068,0.907,positive
200.12823_7.202,199.12096,200.12823,7.202,positive
200.97296_0.803,199.96579,200.97296,0.803,positive
198.99115_1.426,199.9989,198.99115,1.426,negative
399.05364_1.507,200.03025,399.05364,1.507,negative
199.03301_0.997,200.04055,199.03301,0.997,negative
201.07189_0.872,200.06462,201.07189,0.872,positive
199.05841_5.97,200.06569,199.05841,5.97,negative
199.06071_2.106,200.06798,199.06071,2.106,negative
259.08227_1.241,200.06824,259.08227,1.241,negative
199.06938_0.891,200.07666,199.06938,0.891,negative
201.08704_1.015,200.07977,201.08704,1.015,positive
201.12344_1.183,200.11616,201.12344,1.183,positive
201.92274_0.341,200.91554,201.92274,0.341,positive
199.96868_1.407,200.97596,199.96868,1.407,negative
199.96869_1.234,200.97597,199.96869,1.234,negative
201.98393_1.404,200.97666,201.98393,1.404,positive
202.0687_0.899,201.06149,202.0687,0.899,positive
200.05588_1.252,201.06312,200.05588,1.252,negative
200.09234_3.321,201.09962,200.09234,3.321,negative
202.14375_7.658,201.13656,202.14375,7.658,positive
202.61072_0.97,201.6034,202.61072,0.97,positive
200.80485_1.443,201.81213,200.80485,1.443,negative
200.97118_1.843,201.97846,200.97118,1.843,negative
203.00461_0.791,201.99725,203.00461,0.791,positive
200.99702_1.893,202.00429,200.99702,1.893,negative
201.03747_1.515,202.04475,201.03747,1.515,negative
203.05263_1.274,202.04542,203.05263,1.274,positive
201.03987_1.234,202.04732,201.03987,1.234,negative
261.07293_1.185,202.05903,261.07293,1.185,negative
261.09787_1.243,202.08388,261.09787,1.243,negative
247.09345_1.169,202.09522,247.09345,1.169,negative
244.16559_0.905,202.13177,244.16559,0.905,positive
203.13919_1.243,202.13204,203.13919,1.243,positive
203.15035_1.001,202.14326,203.15035,1.001,positive
204.08677_1.166,203.07948,204.08677,1.166,positive
204.08683_0.98,203.07951,204.08683,0.98,positive
202.10792_6.184,203.1152,202.10792,6.184,negative
202.10797_6.864,203.11525,202.10797,6.864,negative
204.12317_1.187,203.11589,204.12317,1.187,positive
202.11915_0.869,203.12649,202.11915,0.869,negative
204.13438_0.851,203.1271,204.13438,0.851,positive
205.0378_0.789,204.03053,205.0378,0.789,positive
239.00886_4.292,204.03984,239.00886,4.292,negative
203.05558_1.218,204.06336,203.05558,1.218,negative
203.06675_1.211,204.07404,203.06675,1.211,negative
205.08199_1.006,204.07472,205.08199,1.006,positive
204.00393_1.322,205.01118,204.00393,1.322,negative
206.04502_5.924,205.03774,206.04502,5.924,positive
204.03338_4.464,205.04068,204.03338,4.464,negative
204.06612_6.945,205.07339,204.06612,6.945,negative
206.08129_6.959,205.07402,206.08129,6.959,positive
204.06941_5.225,205.07669,204.06941,5.225,negative
205.01703_2.249,206.02504,205.01703,2.249,negative
205.0172_1.91,206.02505,205.0172,1.91,negative
205.07143_1.211,206.0791,205.07143,1.211,negative
205.08245_1,206.08973,205.08245,1,negative
207.13744_8.082,206.13026,207.13744,8.082,positive
205.83919_1.445,206.84647,205.83919,1.445,negative
206.01239_1.571,207.0197,206.01239,1.571,negative
206.0454_5.037,207.05268,206.0454,5.037,negative
208.06046_5.029,207.05319,208.06046,5.029,positive
206.08177_6.836,207.08905,206.08177,6.836,negative
208.09677_6.813,207.08961,208.09677,6.813,positive
249.14456_0.998,207.11111,249.14456,0.998,positive
208.61069_0.981,207.60342,208.61069,0.981,positive
206.98816_1.822,207.99544,206.98816,1.822,negative
206.99647_1.582,208.00388,206.99647,1.582,negative
207.00731_1.54,208.01529,207.00731,1.54,negative
207.0505_1.18,208.05786,207.0505,1.18,negative
207.99153_1.612,208.99883,207.99153,1.612,negative
210.06415_0.917,209.05682,210.06415,0.917,positive
208.9748_1.594,209.9823,208.9748,1.594,negative
209.01181_1.515,210.01938,209.01181,1.515,negative
243.94332_0.352,210.90984,243.94332,0.352,positive
210.00723_1.438,211.01452,210.00723,1.438,negative
210.04372_1.445,211.051,210.04372,1.445,negative
212.07984_0.964,211.07256,212.07984,0.964,positive
256.09388_1.018,211.09559,256.09388,1.018,negative
212.10304_1.117,211.09569,212.10304,1.117,positive
210.99156_1.48,211.99911,210.99156,1.48,negative
211.02777_1.848,212.03504,211.02777,1.848,negative
211.02771_1.512,212.03508,211.02771,1.512,negative
211.03307_0.995,212.04059,211.03307,0.995,negative
213.07492_0.921,212.06767,213.07492,0.921,positive
211.06952_0.975,212.07702,211.06952,0.975,negative
211.07198_2.299,212.07925,211.07198,2.299,negative
211.08315_0.864,212.09045,211.08315,0.864,negative
213.12346_7.925,212.11556,213.12346,7.925,positive
213.1234_1.728,212.11613,213.1234,1.728,positive
213.12342_1.186,212.11614,213.12342,1.186,positive
213.14682_8.144,212.13976,213.14682,8.144,positive
214.0509_4.072,213.04362,214.0509,4.072,positive
214.14369_7.788,213.13643,214.14369,7.788,positive
231.17048_3.322,213.13664,231.17048,3.322,positive
214.91747_0.8,213.91019,214.91747,0.8,positive
214.9884_0.803,213.98128,214.9884,0.803,positive
213.00706_1.421,214.01461,213.00706,1.421,negative
215.05485_1.368,214.04766,215.05485,1.368,positive
215.0878_0.874,214.08053,215.0878,0.874,positive
213.08766_2.723,214.09493,213.08766,2.723,negative
215.13915_1.742,214.13187,215.13915,1.742,positive
215.60034_0.872,214.59253,215.60034,0.872,positive
213.88879_1.454,214.89607,213.88879,1.454,negative
216.01466_0.919,215.00738,216.01466,0.919,positive
214.01758_2.382,215.02485,214.01758,2.382,negative
214.05396_3.99,215.06143,214.05396,3.99,negative
216.09791_1.001,215.09051,216.09791,1.001,positive
260.08885_1.023,215.09056,260.08885,1.023,negative
216.14557_1.021,215.13873,216.14557,1.021,positive
216.95065_0.804,215.94334,216.95065,0.804,positive
217.01898_1.554,216.01152,217.01898,1.554,positive
431.04397_1.603,216.0255,431.04397,1.603,negative
215.03236_1.279,216.03963,215.03236,1.279,negative
217.04961_0.876,216.04229,217.04961,0.876,positive
217.082_1.008,216.07468,217.082,1.008,positive
215.06683_1.203,216.07473,215.06683,1.203,negative
215.10309_1.026,216.11049,215.10309,1.026,negative
431.96423_1.711,216.48545,431.96423,1.711,negative
218.04262_0.927,217.03541,218.04262,0.927,positive
216.03088_1.217,217.03816,216.03088,1.217,negative
216.03324_1.824,217.04051,216.03324,1.824,negative
216.04864_5.969,217.05592,216.04864,5.969,negative
216.08733_1.188,217.09481,216.08733,1.188,negative
216.09849_1.013,217.10603,216.09849,1.013,negative
218.11372_0.981,217.10633,218.11372,0.981,positive
216.90903_1.584,217.9163,216.90903,1.584,negative
216.92801_1.376,217.93522,216.92801,1.376,negative
218.94785_0.804,217.94055,218.94785,0.804,positive
216.94398_1.849,217.95126,216.94398,1.849,negative
216.96801_0.801,217.97529,216.96801,0.801,negative
218.98368_0.802,217.9764,218.98368,0.802,positive
217.01728_4.491,218.02456,217.01728,4.491,negative
253.04976_1.231,218.08026,253.04976,1.231,negative
217.08255_1.226,218.08987,217.08255,1.226,negative
218.01254_3.7,219.01984,218.01254,3.7,negative
218.9819_1.527,219.98918,218.9819,1.527,negative
221.01531_0.783,220.00803,221.01531,0.783,positive
221.03315_3.733,220.02594,221.03315,3.733,positive
219.02722_4.991,220.0345,219.02722,4.991,negative
219.05086_1.205,220.05828,219.05086,1.205,negative
219.0619_1.021,220.06918,219.0619,1.021,negative
262.10333_1.101,220.06951,262.10333,1.101,positive
221.07692_0.99,220.06963,221.07692,0.99,positive
219.09822_1.01,220.1055,219.09822,1.01,negative
219.09824_0.899,220.10579,219.09824,0.899,negative
220.06463_1.661,221.07193,220.06463,1.661,negative
220.06473_1.203,221.07201,220.06473,1.203,negative
222.07953_1.589,221.07225,222.07953,1.589,positive
222.07964_1.375,221.07236,222.07964,1.375,positive
220.0822_0.875,221.08958,220.0822,0.875,negative
220.08224_1.147,221.08981,220.08224,1.147,negative
222.09723_1.15,221.09001,222.09723,1.15,positive
222.11205_7.426,221.10489,222.11205,7.426,positive
444.20791_0.934,221.60041,444.20791,0.934,positive
223.02463_0.924,222.01735,223.02463,0.924,positive
221.06642_1.179,222.07402,221.06642,1.179,negative
221.09281_2.968,222.10008,221.09281,2.968,negative
223.10774_2.981,222.10047,223.10774,2.981,positive
223.11781_4.218,222.11052,223.11781,4.218,positive
221.90228_1.428,222.90962,221.90228,1.428,negative
223.94396_0.337,222.93663,223.94396,0.337,positive
221.95098_1.411,222.95826,221.95098,1.411,negative
222.03684_0.864,223.04418,222.03684,0.864,negative
224.05176_0.895,223.04442,224.05176,0.895,positive
222.04371_1.176,223.05099,222.04371,1.176,negative
222.04372_2.359,223.051,222.04372,2.359,negative
222.0438_1.386,223.05108,222.0438,1.386,negative
224.07966_0.958,223.07238,224.07966,0.958,positive
222.07687_4.483,223.08415,222.07687,4.483,negative
224.09158_4.468,223.08433,224.09158,4.468,positive
224.60558_0.864,223.59835,224.60558,0.864,positive
224.9638_1.399,223.95652,224.9638,1.399,positive
222.99148_1.523,223.9988,222.99148,1.523,negative
223.01385_6.589,224.02113,223.01385,6.589,negative
223.08214_1.195,224.08964,223.08214,1.195,negative
225.12341_6.362,224.11613,225.12341,6.362,positive
224.02317_1.429,225.03055,224.02317,1.429,negative
226.03798_1.72,225.03079,226.03798,1.72,positive
224.05959_3.094,225.06685,224.05959,3.094,negative
226.95153_0.908,225.94425,226.95153,0.908,positive
227.00299_1.837,225.99572,227.00299,1.837,positive
225.00715_1.512,226.01448,225.00715,1.512,negative
225.04882_0.994,226.05614,225.04882,0.994,negative
271.07028_3.64,226.07203,271.07028,3.64,negative
225.08779_2.889,226.09507,225.08779,2.889,negative
227.10269_2.891,226.0954,227.10269,2.891,positive
225.09893_0.855,226.10647,225.09893,0.855,negative
227.11767_7.568,226.11039,227.11767,7.568,positive
453.34353_7.449,226.16811,453.34353,7.449,positive
226.05417_3.466,227.06146,226.05417,3.466,negative
228.09768_1.104,227.09054,228.09768,1.104,positive
228.09792_0.958,227.09065,228.09792,0.958,positive
227.02283_1.437,228.03009,227.02283,1.437,negative
227.05578_1.895,228.06305,227.05578,1.895,negative
227.06464_0.993,228.07202,227.06464,0.993,negative
229.09717_5.598,228.08989,229.09717,5.598,positive
227.10338_3.163,228.11066,227.10338,3.163,negative
229.11834_1.192,228.11106,229.11834,1.192,positive
229.11833_3.18,228.11108,229.11833,3.18,positive
229.14357_7.847,228.1366,229.14357,7.847,positive
229.15481_2.875,228.14753,229.15481,2.875,positive
227.96398_1.663,228.97126,227.96398,1.663,negative
227.99698_3.833,229.00426,227.99698,3.833,negative
230.0425_5.007,229.03501,230.0425,5.007,positive
228.0875_4.158,229.09478,228.0875,4.158,negative
230.10242_4.157,229.09507,230.10242,4.157,positive
230.1584_2.895,229.15113,230.1584,2.895,positive
230.18639_1.178,229.17912,230.18639,1.178,positive
230.96623_0.807,229.95893,230.96623,0.807,positive
229.03264_1.535,230.03992,229.03264,1.535,negative
229.03416_1.228,230.04162,229.03416,1.228,negative
229.05929_0.925,230.06657,229.05929,0.925,negative
231.09758_1.051,230.0903,231.09758,1.051,positive
231.0976_1.163,230.09033,231.0976,1.163,positive
229.11908_5.477,230.12636,229.11908,5.477,negative
229.9618_3.212,230.96907,229.9618,3.212,negative
231.98856_0.925,230.98128,231.98856,0.925,positive
230.07788_1.006,231.08532,230.07788,1.006,negative
232.10049_6.978,231.09323,232.10049,6.978,positive
230.1029_5.959,231.11019,230.1029,5.959,negative
230.10287_6.192,231.11019,230.10287,6.192,negative
230.10303_5.177,231.1103,230.10303,5.177,negative
232.11808_6.157,231.11055,232.11808,6.157,positive
232.11795_5.926,231.11068,232.11795,5.926,positive
232.12907_1.036,231.12179,232.12907,1.036,positive
232.92821_0.805,231.92087,232.92821,0.805,positive
232.99927_0.796,231.99199,232.99927,0.796,positive
230.99664_4.675,232.00392,230.99664,4.675,negative
231.05044_1.22,232.05793,231.05044,1.22,negative
231.05958_1.007,232.06685,231.05958,1.007,negative
231.07701_6.12,232.08429,231.07701,6.12,negative
233.09225_6.08,232.0849,233.09225,6.08,positive
233.11327_1.11,232.10596,233.11327,1.11,positive
231.10929_1.008,232.11656,231.10929,1.008,negative
231.13479_2.148,232.14207,231.13479,2.148,negative
233.14963_1.199,232.14241,233.14963,1.199,positive
231.94116_1.515,232.94844,231.94116,1.515,negative
233.95608_1.499,232.94878,233.95608,1.499,positive
232.02811_1.264,233.03584,232.02811,1.264,negative
278.03411_1.412,233.03589,278.03411,1.412,negative
234.1448_0.849,233.13745,234.1448,0.849,positive
234.96119_0.805,233.95391,234.96119,0.805,positive
235.04886_6.023,234.04172,235.04886,6.023,positive
233.04286_6.576,234.05014,233.04286,6.576,negative
217.04953_0.868,234.05283,217.04953,0.868,positive
233.06649_1.204,234.07397,233.06649,1.204,negative
233.07757_1.026,234.08484,233.07757,1.026,negative
235.0925_1.002,234.08523,235.0925,1.002,positive
233.93672_1.509,234.944,233.93672,1.509,negative
234.06148_1.186,235.06879,234.06148,1.186,negative
236.13558_8.064,235.1283,236.13558,8.064,positive
236.92095_0.81,235.91358,236.92095,0.81,positive
234.93472_0.793,235.94193,234.93472,0.793,negative
236.95795_0.805,235.95081,236.95795,0.805,positive
237.00713_4.979,235.99985,237.00713,4.979,positive
237.08697_1.235,236.07955,237.08697,1.235,positive
235.08218_1.193,236.08985,235.08218,1.193,negative
236.01501_0.993,237.02229,236.01501,0.993,negative
236.05968_3.268,237.06696,236.05968,3.268,negative
236.07725_1.175,237.08453,236.07725,1.175,negative
236.96829_1.592,237.97557,236.96829,1.592,negative
221.01225_7.187,238.01558,221.01225,7.187,positive
237.09799_1.215,238.10543,237.09799,1.215,negative
239.13933_7.329,238.13206,239.13933,7.329,positive
237.88782_1.592,238.8951,237.88782,1.592,negative
284.02022_0.869,239.02181,284.02022,0.869,negative
238.02356_0.928,239.03082,238.02356,0.928,negative
238.98664_1.595,239.99386,238.98664,1.595,negative
239.01634_1.021,240.02363,239.01634,1.021,negative
241.0311_1.011,240.02382,241.0311,1.011,positive
239.02292_1.582,240.0302,239.02292,1.582,negative
239.05935_7.322,240.06663,239.05935,7.322,negative
241.19509_8.486,240.18777,241.19509,8.486,positive
221.99911_0.999,241.01699,221.99911,0.999,negative
240.01818_1.461,241.02566,240.01818,1.461,negative
240.0546_1.738,241.06188,240.0546,1.738,negative
242.08463_4.571,241.07735,242.08463,4.571,positive
240.08516_6.279,241.09244,240.08516,6.279,negative
242.92552_0.919,241.91824,242.92552,0.919,positive
241.00225_1.513,242.00952,241.00225,1.513,negative
241.08051_1.005,242.08778,241.08051,1.005,negative
243.13404_4.417,242.12687,243.13404,4.417,positive
241.88333_1.846,242.89064,241.88333,1.846,negative
241.88401_1.464,242.89144,241.88401,1.464,negative
241.97977_1.803,242.98704,241.97977,1.803,negative
242.01274_4.941,243.02001,242.01274,4.941,negative
242.03349_1.437,243.04091,242.03349,1.437,negative
242.04914_5.662,243.05642,242.04914,5.662,negative
244.07927_1.279,243.07199,244.07927,1.279,positive
242.07915_1.208,243.08668,242.07915,1.208,negative
244.12863_1.021,243.12174,244.12863,1.021,positive
302.1359_1.202,243.12203,302.1359,1.202,negative
242.15085_0.868,243.15812,242.15085,0.868,negative
242.15086_0.967,243.15813,242.15086,0.967,negative
244.16561_0.869,243.15834,244.16561,0.869,positive
244.16569_0.954,243.1584,244.16569,0.954,positive
242.96377_1.67,243.9712,242.96377,1.67,negative
245.01349_1.815,244.00625,245.01349,1.815,positive
243.01784_1.426,244.02512,243.01784,1.426,negative
245.07668_1.038,244.06942,245.07668,1.038,positive
243.06214_1.235,244.0695,243.06214,1.235,negative
243.06214_1.739,244.06953,243.06214,1.739,negative
243.08711_1.242,244.09435,243.08711,1.242,negative
245.11327_1.076,244.10599,245.11327,1.076,positive
243.1349_6.032,244.14217,243.1349,6.032,negative
357.13966_0.98,244.15363,357.13966,0.98,negative
244.02845_2.916,245.03573,244.02845,2.916,negative
244.11882_6.906,245.1261,244.11882,6.906,negative
246.1448_1.222,245.13686,246.1448,1.222,positive
244.13003_1.08,245.13735,244.13003,1.08,negative
244.16653_0.861,245.17356,244.16653,0.861,negative
246.18123_0.863,245.17393,246.18123,0.863,positive
244.96384_0.801,245.97112,244.96384,0.801,negative
247.01485_0.802,246.00757,247.01485,0.802,positive
247.0483_0.79,246.04103,247.0483,0.79,positive
245.03642_2.935,246.04369,245.03642,2.935,negative
245.04306_1.436,246.05033,245.04306,1.436,negative
247.05796_1.43,246.05066,247.05796,1.43,positive
245.06283_0.854,246.07012,245.06283,0.854,negative
245.07549_1.009,246.08271,245.07549,1.009,negative
245.0929_7.071,246.10017,245.0929,7.071,negative
245.11421_1.185,246.12149,245.11421,1.185,negative
245.11422_2.438,246.1215,245.11422,2.438,negative
247.12882_2.434,246.12155,247.12882,2.434,positive
247.12889_1.167,246.12159,247.12889,1.167,positive
248.08778_0.99,247.08051,248.08778,0.99,positive
246.09876_4.104,247.10561,246.09876,4.104,negative
280.13999_1.178,247.10645,280.13999,1.178,positive
248.12413_1.022,247.11678,248.12413,1.022,positive
248.12796_7.82,247.12076,248.12796,7.82,positive
248.1316_7.222,247.12432,248.1316,7.222,positive
247.06442_5.117,248.0717,247.06442,5.117,negative
247.08243_1.208,248.08952,247.08243,1.208,negative
247.09341_1.028,248.10063,247.09341,1.028,negative
247.09344_1.166,248.10064,247.09344,1.166,negative
231.09747_1.05,248.10072,231.09747,1.05,positive
249.10811_1.304,248.10089,249.10811,1.304,positive
247.15498_7.299,248.16142,247.15498,7.299,negative
248.96033_0.913,249.9676,248.96033,0.913,negative
249.00748_1.893,250.01476,249.00748,1.893,negative
251.02271_6.622,250.01544,251.02271,6.622,positive
249.02186_1.077,250.02919,249.02186,1.077,negative
249.03809_4.287,250.04537,249.03809,4.287,negative
251.06391_2.075,250.05663,251.06391,2.075,positive
249.06171_1.202,250.06893,249.06171,1.202,negative
251.17949_8.062,250.1723,251.17949,8.062,positive
250.06983_4.168,251.07711,250.06983,4.168,negative
252.10905_1.351,251.10276,252.10905,1.351,positive
235.01254_1.127,252.01582,235.01254,1.127,positive
251.02317_1.509,252.03037,251.02317,1.509,negative
251.02329_1.916,252.03057,251.02329,1.916,negative
251.0233_2.253,252.03058,251.0233,2.253,negative
253.08162_2.597,252.07434,253.08162,2.597,positive
155.04517_1.035,252.0838,155.04517,1.035,negative
251.07779_1.237,252.08499,251.07779,1.237,negative
251.07861_2.559,252.08589,251.07861,2.559,negative
251.10161_0.874,252.10889,251.10161,0.874,negative
253.11834_6.364,252.11106,253.11834,6.364,positive
251.11489_0.977,252.12217,251.11489,0.977,negative
275.89188_0.909,252.90261,275.89188,0.909,positive
252.97887_4.684,253.98614,252.97887,4.684,negative
255.01739_5,254.01027,255.01739,5,positive
253.01366_1.522,254.02092,253.01366,1.522,negative
253.0388_1.933,254.04608,253.0388,1.933,negative
253.04997_1.356,254.05725,253.04997,1.356,negative
255.06457_1.34,254.05728,255.06457,1.34,positive
255.08442_0.959,254.07715,255.08442,0.959,positive
255.09739_0.986,254.09011,255.09739,0.986,positive
253.09298_1.181,254.10034,253.09298,1.181,negative
253.1307_3.037,254.13799,253.1307,3.037,negative
255.1452_3.028,254.13801,255.1452,3.028,positive
255.21067_8.504,254.20339,255.21067,8.504,positive
253.92327_1.509,254.93055,253.92327,1.509,negative
254.013_6.42,255.02028,254.013,6.42,negative
256.0639_2.614,255.05662,256.0639,2.614,positive
256.06954_1,255.06226,256.06954,1,positive
256.08474_2.482,255.07749,256.08474,2.482,positive
254.07047_2.503,255.07774,254.07047,2.503,negative
256.26343_8.135,255.25616,256.26343,8.135,positive
254.98165_1.677,255.98892,254.98165,1.677,negative
255.09862_2.45,256.10598,255.09862,2.45,negative
257.11377_1.255,256.10645,257.11377,1.255,positive
255.10976_0.862,256.11704,255.10976,0.862,negative
257.14962_5.992,256.14251,257.14962,5.992,positive
255.82221_1.426,256.82949,255.82221,1.426,negative
256.05937_1.554,257.06665,256.05937,1.554,negative
256.05938_1.262,257.06666,256.05938,1.262,negative
258.07961_3.783,257.07234,258.07961,3.783,positive
258.07983_3.147,257.07256,258.07983,3.147,positive
186.07618_1.146,257.09007,186.07618,1.146,positive
258.10848_1.022,257.1012,258.10848,1.022,positive
258.10997_1.176,257.10269,258.10997,1.176,positive
258.89943_0.926,257.89215,258.89943,0.926,positive
258.92416_0.786,257.91687,258.92416,0.786,positive
257.02791_1.839,258.03518,257.02791,1.839,negative
257.03419_1.432,258.04147,257.03419,1.432,negative
259.06407_0.9,258.0568,259.06407,0.9,positive
259.06921_0.922,258.06193,259.06921,0.922,positive
257.07824_2.428,258.08555,257.07824,2.428,negative
257.10119_3.693,258.10846,257.10119,3.693,negative
260.05312_1.295,259.04584,260.05312,1.295,positive
258.04276_4.048,259.05004,258.04276,4.048,negative
258.07081_1.014,259.07812,258.07081,1.014,negative
258.09754_7.23,259.10483,258.09754,7.23,negative
301.1502_1.034,259.11662,301.1502,1.034,positive
260.17208_0.93,259.16513,260.17208,0.93,positive
258.18231_0.951,259.18959,258.18231,0.951,negative
258.81904_1.418,259.82632,258.81904,1.418,negative
242.94656_0.77,259.95002,242.94656,0.77,positive
261.00546_0.799,259.99819,261.00546,0.799,positive
259.01301_1.422,260.02028,259.01301,1.422,negative
259.05955_1.268,260.06681,259.05955,1.268,negative
259.07866_0.851,260.08593,259.07866,0.851,negative
259.08235_1.22,260.08971,259.08235,1.22,negative
259.09154_1.015,260.09874,259.09154,1.015,negative
259.13_1.199,260.13722,259.13,1.199,negative
261.1445_1.564,260.13722,261.1445,1.564,positive
261.14455_4.09,260.13727,261.14455,4.09,positive
261.1446_1.2,260.13733,261.1446,1.2,positive
259.13027_5.46,260.13735,259.13027,5.46,negative
259.13009_3.895,260.13737,259.13009,3.895,negative
261.14464_3.885,260.13737,261.14464,3.885,positive
259.13013_4.124,260.13741,259.13013,4.124,negative
259.13026_2.472,260.13754,259.13026,2.472,negative
259.81623_1.429,260.82351,259.81623,1.429,negative
260.00537_0.923,261.01292,260.00537,0.923,negative
260.02351_2.081,261.03079,260.02351,2.081,negative
260.08871_1.028,261.09565,260.08871,1.028,negative
260.12522_1.019,261.13246,260.12522,1.019,negative
262.13983_1.006,261.13251,262.13983,1.006,positive
260.99851_1.009,262.00579,260.99851,1.009,negative
261.00761_4.302,262.01488,261.00761,4.302,negative
263.02576_0.791,262.01848,263.02576,0.791,positive
243.01784_1.43,262.03569,243.01784,1.43,negative
261.02937_5.983,262.03664,261.02937,5.983,negative
261.06154_1.216,262.069,261.06154,1.216,negative
261.07282_1.04,262.08008,261.07282,1.04,negative
261.07292_1.227,262.08013,261.07292,1.227,negative
261.12453_5.259,262.1318,261.12453,5.259,negative
263.13911_1.282,262.13181,263.13911,1.282,positive
261.16117_6.895,262.16844,261.16117,6.895,negative
262.03903_3.424,263.0463,262.03903,3.424,negative
262.09306_1.215,263.10068,262.09306,1.215,negative
264.1229_6.734,263.11567,264.1229,6.734,positive
262.10877_6.747,263.11604,262.10877,6.747,negative
262.92993_0.797,263.93721,262.92993,0.797,negative
265.02308_1.269,264.0158,265.02308,1.269,positive
263.05811_1.223,264.06541,263.05811,1.223,negative
263.0973_0.921,264.10457,263.0973,0.921,negative
263.14038_3.923,264.14766,263.14038,3.923,negative
263.99677_2.494,265.00414,263.99677,2.494,negative
264.05477_1.214,265.06204,264.05477,1.214,negative
264.05549_1.419,265.06232,264.05549,1.419,negative
264.08796_6.816,265.09525,264.08796,6.816,negative
266.10566_1.245,265.09838,266.10566,1.245,positive
266.12385_1.134,265.11647,266.12385,1.134,positive
265.07521_6.03,266.08248,265.07521,6.03,negative
265.09327_1.2,266.10042,265.09327,1.2,negative
265.11959_3.326,266.12687,265.11959,3.326,negative
267.13437_7.327,266.12707,267.13437,7.327,positive
289.12588_4.966,266.13656,289.12588,4.966,positive
267.17431_7.625,266.16704,267.17431,7.625,positive
267.17431_8.062,266.16708,267.17431,8.062,positive
266.08827_1.144,267.09555,266.08827,1.144,negative
266.0884_1.228,267.09563,266.0884,1.228,negative
268.10378_1.236,267.09667,268.10378,1.236,positive
268.14037_1.631,267.1331,268.14037,1.631,positive
327.03237_1.179,268.01872,327.03237,1.179,negative
267.01805_1.592,268.02533,267.01805,1.592,negative
269.08782_1.239,268.08037,269.08782,1.239,positive
267.07335_1.243,268.08059,267.07335,1.243,negative
269.08782_2.243,268.08066,269.08782,2.243,positive
267.07375_2.851,268.08102,267.07375,2.851,negative
267.07383_3.451,268.0811,267.07383,3.451,negative
267.09079_6.079,268.09807,267.09079,6.079,negative
269.16081_1.121,268.15354,269.16081,1.121,positive
269.19004_7.633,268.18278,269.19004,7.633,positive
267.94434_1.323,268.95169,267.94434,1.323,negative
268.0863_3.803,269.09358,268.0863,3.803,negative
133.98498_1.746,269.98452,133.98498,1.746,negative
315.03159_0.856,270.03345,315.03159,0.856,negative
269.03407_2.246,270.04113,269.03407,2.246,negative
269.08824_1.069,270.09489,269.08824,1.069,negative
269.1147_6.373,270.12198,269.1147,6.373,negative
271.1655_6.437,270.15839,271.1655,6.437,positive
271.1693_8.418,270.16208,271.1693,8.418,positive
254.02342_7.177,271.02681,254.02342,7.177,positive
272.05872_3.46,271.05144,272.05872,3.46,positive
270.04449_7.234,271.05176,270.04449,7.234,negative
270.04472_3.462,271.052,270.04472,3.462,negative
272.17165_1.011,271.16438,272.17165,1.011,positive
270.95907_1.612,271.96634,270.95907,1.612,negative
271.00407_1.072,272.01134,271.00407,1.072,negative
271.0467_6.927,272.05398,271.0467,6.927,negative
273.06206_7.102,272.05474,273.06206,7.102,positive
295.06631_1.854,272.07705,295.06631,1.854,positive
271.07022_3.637,272.0775,271.07022,3.637,negative
274.07446_3.768,273.06718,274.07446,3.768,positive
274.09206_1.355,273.08478,274.09206,1.355,positive
274.87323_0.931,273.86595,274.87323,0.931,positive
272.95913_0.802,273.9664,272.95913,0.802,negative
254.96419_1.698,273.98212,254.96419,1.698,negative
275.07499_2.534,274.06772,275.07499,2.534,positive
273.10967_2.444,274.11675,273.10967,2.444,negative
274.06996_6.832,275.07724,274.06996,6.832,negative
276.10792_1.57,275.10062,276.10792,1.57,positive
274.09345_2.569,275.10073,274.09345,2.569,negative
334.12578_1.033,275.1119,334.12578,1.033,negative
276.11905_1.126,275.11192,276.11905,1.126,positive
276.15539_1.019,275.14812,276.15539,1.019,positive
274.14099_1.024,275.14824,274.14099,1.024,negative
276.15558_1.178,275.14843,276.15558,1.178,positive
275.03223_1.354,276.03951,275.03223,1.354,negative
275.05636_0.854,276.06364,275.05636,0.854,negative
275.07683_1.218,276.08442,275.07683,1.218,negative
277.10304_1.302,276.09577,277.10304,1.302,positive
277.10309_1.168,276.09582,277.10309,1.168,positive
275.08905_1.183,276.09631,275.08905,1.183,negative
277.12731_3.022,276.12003,277.12731,3.022,positive
277.92072_0.363,276.91344,277.92072,0.363,positive
389.97176_0.934,276.98646,389.97176,0.934,negative
278.13478_1.015,277.12756,278.13478,1.015,positive
277.03328_1.231,278.04056,277.03328,1.231,negative
277.05647_1.205,278.06403,277.05647,1.205,negative
277.08578_2.493,278.09306,277.08578,2.493,negative
279.10099_2.487,278.09372,279.10099,2.487,positive
277.09337_1.202,278.10052,277.09337,1.202,negative
277.15583_6.972,278.16296,277.15583,6.972,negative
278.03388_1.293,279.04116,278.03388,1.293,negative
280.0486_1.408,279.04129,280.0486,1.408,positive
278.90768_0.799,279.91496,278.90768,0.799,negative
278.92475_0.795,279.93203,278.92475,0.795,negative
279.01172_3.209,280.019,279.01172,3.209,negative
279.07236_1.179,280.07958,279.07236,1.179,negative
279.10872_1.199,280.11618,279.10872,1.199,negative
281.14947_1.198,280.14157,281.14947,1.198,positive
261.16106_6.887,280.17891,261.16106,6.887,negative
282.06418_1.132,281.05687,282.06418,1.132,positive
282.06417_1.36,281.05687,282.06417,1.36,positive
280.0861_1.731,281.09338,280.0861,1.731,negative
280.1039_0.878,281.11116,280.1039,0.878,negative
282.15485_0.939,281.14758,282.15485,0.939,positive
282.27922_8.56,281.27194,282.27922,8.56,positive
280.90834_0.936,281.91562,280.90834,0.936,negative
265.02303_1.098,282.02633,265.02303,1.098,positive
281.02744_1.188,282.03475,281.02744,1.188,negative
281.06024_6.614,282.06752,281.06024,6.614,negative
281.08806_1.167,282.09531,281.08806,1.167,negative
281.10088_5.132,282.10816,281.10088,5.132,negative
281.10093_5.56,282.10821,281.10093,5.56,negative
283.11655_0.956,282.10927,283.11655,0.956,positive
281.11221_4.125,282.11948,281.11221,4.125,negative
283.16975_7.745,282.16246,283.16975,7.745,positive
282.08413_1.242,283.09104,282.08413,1.242,negative
284.09887_1.226,283.09158,284.09887,1.226,positive
284.099_2.284,283.09169,284.099,2.284,positive
282.08461_2.287,283.09189,282.08461,2.287,negative
283.13051_7.339,284.13778,283.13051,7.339,negative
571.30912_4.091,285.15084,571.30912,4.091,positive
286.17607_3.832,285.16878,286.17607,3.832,positive
286.17614_1.221,285.16888,286.17614,1.221,positive
344.18279_1.243,285.16896,344.18279,1.243,negative
318.30036_8.184,285.26681,318.30036,8.184,positive
286.95804_0.801,285.95073,286.95804,0.801,positive
284.98207_1.445,285.98935,284.98207,1.445,negative
285.02871_1.415,286.03598,285.02871,1.415,negative
285.13223_5.99,286.13951,285.13223,5.99,negative
287.24417_0.96,286.23689,287.24417,0.96,positive
286.06561_0.991,287.07295,286.06561,0.991,negative
286.54746_2.865,287.55473,286.54746,2.865,negative
287.04981_1.05,288.05709,287.04981,1.05,negative
289.09073_1.164,288.08383,289.09073,1.164,positive
289.12591_4.977,288.11864,289.12591,4.977,positive
287.9856_1.573,288.99287,287.9856,1.573,negative
290.08678_1.318,289.0795,290.08678,1.318,positive
290.08686_1.453,289.07959,290.08686,1.453,positive
290.14612_0.994,289.13884,290.14612,0.994,positive
334.8828_1.432,289.88448,334.8828,1.432,negative
288.93659_0.801,289.94387,288.93659,0.801,negative
291.02282_0.799,290.01555,291.02282,0.799,positive
291.049_2.537,290.04172,291.049,2.537,positive
291.06988_2.85,290.0626,291.06988,2.85,positive
289.06879_1.234,290.07593,289.06879,1.234,negative
289.09246_1.237,290.09964,289.09246,1.237,negative
289.11804_7.065,290.12532,289.11804,7.065,negative
291.15486_0.995,290.14745,291.15486,0.995,positive
290.02057_0.856,291.02785,290.02057,0.856,negative
290.02188_0.855,291.02916,290.02188,0.855,negative
290.02318_0.864,291.03046,290.02318,0.864,negative
290.07066_1.181,291.07794,290.07066,1.181,negative
292.10261_1.209,291.09532,292.10261,1.209,positive
292.10261_1.517,291.09533,292.10261,1.517,positive
292.10267_1.369,291.09536,292.10267,1.369,positive
290.08813_1.23,291.09551,290.08813,1.23,negative
290.93354_0.802,291.94082,290.93354,0.802,negative
275.00744_1.816,292.01075,275.00744,1.816,positive
291.07218_1.232,292.07951,291.07218,1.232,negative
294.11819_1.56,293.1111,294.11819,1.56,positive
292.92868_0.805,293.93595,292.92868,0.805,negative
292.94101_1.646,293.94832,292.94101,1.646,negative
293.04277_1.068,294.05005,293.04277,1.068,negative
295.06628_1.85,294.059,295.06628,1.85,positive
293.05235_3.641,294.05941,293.05235,3.641,negative
293.06883_1.211,294.07615,293.06883,1.211,negative
293.08798_1.192,294.09514,293.08798,1.192,negative
295.12908_4.613,294.1218,295.12908,4.613,positive
293.11463_4.617,294.1219,293.11463,4.617,negative
294.06585_1.209,295.07313,294.06585,1.209,negative
296.18308_7.19,295.17601,296.18308,7.19,positive
294.88082_0.787,295.8881,294.88082,0.787,negative
294.94595_0.793,295.95323,294.94595,0.793,negative
294.94732_0.8,295.95459,294.94732,0.8,negative
295.06683_1.376,296.07449,295.06683,1.376,negative
295.097_6.843,296.10428,295.097,6.843,negative
295.1045_1.234,296.11162,295.1045,1.234,negative
297.18339_7.377,296.17615,297.18339,7.377,positive
297.18536_8.046,296.17807,297.18536,8.046,positive
295.88568_3.157,296.89295,295.88568,3.157,negative
296.04466_1.411,297.05188,296.04466,1.411,negative
298.09691_3.794,297.08964,298.09691,3.794,positive
296.08658_0.988,297.09378,296.08658,0.988,negative
296.12273_1.018,297.13001,296.12273,1.018,negative
296.88237_0.941,297.88965,296.88237,0.941,negative
297.02856_1.487,298.03586,297.02856,1.487,negative
297.08299_1.141,298.09026,297.08299,1.141,negative
297.96977_1.67,298.97705,297.96977,1.67,negative
148.49839_1.913,299.01133,148.49839,1.913,negative
298.07003_1.334,299.07731,298.07003,1.334,negative
317.14567_1.005,299.11178,317.14567,1.005,positive
300.25369_8.272,299.24642,300.25369,8.272,positive
300.28967_8.209,299.28241,300.28967,8.209,positive
298.9059_1.419,299.9132,298.9059,1.419,negative
301.16502_7.841,300.15765,301.16502,7.841,positive
299.1701_0.885,300.17738,299.1701,0.885,negative
301.21657_8.514,300.20927,301.21657,8.514,positive
300.03957_1.477,301.04684,300.03957,1.477,negative
300.08151_1.03,301.08881,300.08151,1.03,negative
302.1347_1.139,301.12744,302.1347,1.139,positive
300.12021_1.177,301.12769,300.12021,1.177,negative
302.14971_5.66,301.14243,302.14971,5.66,positive
343.19796_1.191,301.16391,343.19796,1.191,positive
346.1622_1.213,301.16396,346.1622,1.213,negative
301.06547_1.051,302.07275,301.06547,1.051,negative
303.13018_1.177,302.12304,303.13018,1.177,positive
303.17044_7.948,302.16316,303.17044,7.948,positive
303.17045_7.506,302.16317,303.17045,7.506,positive
302.10093_1.219,303.10817,302.10093,1.219,negative
302.11113_0.972,303.11837,302.11113,0.972,negative
286.95825_0.806,303.96157,286.95825,0.806,positive
305.08456_1.135,304.07728,305.08456,1.135,positive
303.07218_1.211,304.07945,303.07218,1.211,negative
303.13099_1.009,304.13834,303.13099,1.009,negative
303.13343_6.99,304.14071,303.13343,6.99,negative
305.15713_6.949,304.15107,305.15713,6.949,positive
303.91198_0.805,304.91917,303.91198,0.805,negative
286.06016_1.084,305.07808,286.06016,1.084,negative
304.11486_1.032,305.12192,304.11486,1.032,negative
306.12967_1.025,305.12231,306.12967,1.025,positive
304.11828_6.976,305.12556,304.11828,6.976,negative
304.91402_0.802,305.9213,304.91402,0.802,negative
305.08777_1.2,306.09503,305.08777,1.2,negative
305.15051_7.256,306.15778,305.15051,7.256,negative
307.16554_7.16,306.15826,307.16554,7.16,positive
307.16574_7.271,306.15843,307.16574,7.271,positive
307.18628_1.001,306.179,307.18628,1.001,positive
343.9672_0.927,307.01902,343.9672,0.927,negative
306.04762_2.952,307.05489,306.04762,2.952,negative
290.08692_1.324,307.09017,290.08692,1.324,positive
306.08327_1.423,307.09054,306.08327,1.423,negative
306.91926_0.903,307.92654,306.91926,0.903,negative
307.02461_2.573,308.03189,307.02461,2.573,negative
307.08434_1.141,308.09164,307.08434,1.141,negative
307.10383_1.224,308.11078,307.10383,1.224,negative
307.11481_1.039,308.12209,307.11481,1.039,negative
309.16563_0.873,308.15835,309.16563,0.873,positive
307.15128_0.871,308.15855,307.15128,0.871,negative
308.08108_3.8,309.08838,308.08108,3.8,negative
310.11318_1.179,309.10588,310.11318,1.179,positive
310.11324_1.35,309.10597,310.11324,1.35,positive
308.09892_1.357,309.10619,308.09892,1.357,negative
308.09892_1.2,309.10619,308.09892,1.2,negative
308.13449_0.891,309.14177,308.13449,0.891,negative
310.17622_1.204,309.16891,310.17622,1.204,positive
309.0285_1.483,310.03569,309.0285,1.483,negative
309.08301_1.257,310.09006,309.08301,1.257,negative
309.10116_7.328,310.10844,309.10116,7.328,negative
311.12413_3.155,310.11686,311.12413,3.155,positive
309.10966_3.158,310.11694,309.10966,3.158,negative
311.19734_7.821,310.1903,311.19734,7.821,positive
310.06038_1.425,311.06766,310.06038,1.425,negative
310.1386_0.878,311.14588,310.1386,0.878,negative
313.17992_8.073,312.17265,313.17992,8.073,positive
313.17993_7.625,312.17268,313.17993,7.625,positive
313.18008_7.739,312.17282,313.18008,7.739,positive
313.21653_8.502,312.20927,313.21653,8.502,positive
314.08467_1.449,313.07739,314.08467,1.449,positive
358.12615_1.176,313.12771,358.12615,1.176,negative
314.20757_3.739,313.20036,314.20757,3.739,positive
314.23264_7.604,313.22536,314.23264,7.604,positive
313.1147_1.189,314.1221,313.1147,1.189,negative
313.14219_5.903,314.14946,313.14219,5.903,negative
315.18773_0.881,314.18043,315.18773,0.881,positive
313.18591_0.88,314.19319,313.18591,0.88,negative
316.11404_0.978,315.10677,316.11404,0.978,positive
314.90569_1.38,315.91295,314.90569,1.38,negative
315.03955_1.43,316.04663,315.03955,1.43,negative
315.0961_4.624,316.10338,315.0961,4.624,negative
318.1198_1.731,317.11252,318.1198,1.731,positive
318.30036_8.17,317.29308,318.30036,8.17,positive
316.94788_0.91,317.95515,316.94788,0.91,negative
317.0633_3.635,318.07057,317.0633,3.635,negative
317.06488_1.174,318.07228,317.06488,1.174,negative
319.16542_7.376,318.15813,319.16542,7.376,positive
319.16578_7.737,318.15849,319.16578,7.737,positive
317.17644_7.37,318.18373,317.17644,7.37,negative
319.2425_8.492,318.23527,319.2425,8.492,positive
320.18189_1.204,319.17491,320.18189,1.204,positive
338.08384_1.142,320.05023,338.08384,1.142,positive
319.06616_2.558,320.07344,319.06616,2.558,negative
319.11502_1.192,320.12228,319.11502,1.192,negative
319.11497_1.366,320.12242,319.11497,1.366,negative
321.18133_7.82,320.17405,321.18133,7.82,positive
321.22146_8.24,320.21446,321.22146,8.24,positive
319.92471_0.756,320.93199,319.92471,0.756,negative
320.04467_1.213,321.05195,320.04467,1.213,negative
322.61836_7.325,321.61108,322.61836,7.325,positive
321.04009_3.371,322.04737,321.04009,3.371,negative
321.04945_2.466,322.05673,321.04945,2.466,negative
321.08276_1.214,322.09003,321.08276,1.214,negative
321.08279_1.574,322.09007,321.08279,1.574,negative
321.13021_1.031,322.13749,321.13021,1.031,negative
321.1455_5.625,322.15278,321.1455,5.625,negative
321.14577_6.972,322.15297,321.14577,6.972,negative
323.16073_6.972,322.1532,323.16073,6.972,positive
323.16123_5.624,322.1539,323.16123,5.624,positive
323.23755_8.165,322.2299,323.23755,8.165,positive
322.14988_0.889,323.15716,322.14988,0.889,negative
322.94137_0.792,323.94864,322.94137,0.792,negative
323.04761_1.044,324.05488,323.04761,1.044,negative
323.07297_7.293,324.08026,323.07297,7.293,negative
323.07928_1.167,324.08649,323.07928,1.167,negative
323.09876_1.198,324.10589,323.09876,1.198,negative
325.14054_6.466,324.13357,325.14054,6.466,positive
323.16203_6.887,324.1693,323.16203,6.887,negative
325.17792_6.895,324.17047,325.17792,6.895,positive
324.09358_1.179,325.10086,324.09358,1.179,negative
326.10818_1.336,325.10089,326.10818,1.336,positive
324.09373_1.332,325.101,324.09373,1.332,negative
327.05156_0.9,326.04428,327.05156,0.9,positive
327.08712_6.57,326.07984,327.08712,6.57,positive
325.11427_1.202,326.12156,325.11427,1.202,negative
325.12568_1.135,326.13296,325.12568,1.135,negative
327.23247_8.53,326.22519,327.23247,8.53,positive
327.23224_8.287,326.22524,327.23224,8.287,positive
162.49597_2.932,327.00651,162.49597,2.932,negative
326.00124_2.925,327.00851,326.00124,2.925,negative
326.06518_1.428,327.07245,326.06518,1.428,negative
326.10946_1.191,327.11677,326.10946,1.191,negative
326.10961_0.921,327.11688,326.10961,0.921,negative
328.18624_7.88,327.17896,328.18624,7.88,positive
328.22313_5.047,327.21586,328.22313,5.047,positive
328.22326_4.158,327.21598,328.22326,4.158,positive
327.03917_1.468,328.04666,327.03917,1.468,negative
327.09352_1.144,328.10074,327.09352,1.144,negative
329.17534_7.212,328.16788,329.17534,7.212,positive
329.18205_1.183,328.17478,329.18205,1.183,positive
327.16761_1.19,328.17491,327.16761,1.19,negative
329.18762_7.291,328.18012,329.18762,7.291,positive
329.19458_8.359,328.18799,329.19458,8.359,positive
329.21136_7.585,328.20409,329.21136,7.585,positive
329.2114_7.965,328.20414,329.2114,7.965,positive
163.47189_1.727,328.95833,163.47189,1.727,negative
327.99299_0.919,329.00023,327.99299,0.919,negative
330.16543_1.209,329.15825,330.16543,1.209,positive
328.15156_1.209,329.15884,328.15156,1.209,negative
330.17755_1.1,329.17028,330.17755,1.1,positive
330.19147_7.577,329.18419,330.19147,7.577,positive
330.20226_1.236,329.19487,330.20226,1.236,positive
329.05508_1.45,330.06225,329.05508,1.45,negative
329.10065_7.09,330.10792,329.10065,7.09,negative
329.10853_1.071,330.1158,329.10853,1.071,negative
375.13862_0.883,330.14044,375.13862,0.883,negative
331.16523_0.878,330.15792,331.16523,0.878,positive
331.19103_8.063,330.1833,331.19103,8.063,positive
331.19092_7.139,330.18363,331.19092,7.139,positive
331.2269_8.303,330.21942,331.2269,8.303,positive
332.14494_1.172,331.13769,332.14494,1.172,positive
332.18902_7.532,331.18174,332.18902,7.532,positive
330.20377_5.006,331.21104,330.20377,5.006,negative
164.98544_1.739,331.98542,164.98544,1.739,negative
330.98023_1.728,331.98751,330.98023,1.728,negative
331.11377_0.898,332.12104,331.11377,0.898,negative
333.15194_5.63,332.14468,333.15194,5.63,positive
331.16256_1.046,332.16984,331.16256,1.046,negative
334.13975_5.431,333.13247,334.13975,5.431,positive
332.12555_5.458,333.13283,332.12555,5.458,negative
334.16091_1.157,333.15364,334.16091,1.157,positive
332.1467_1.181,333.154,332.1467,1.181,negative
334.17618_3.138,333.16891,334.17618,3.138,positive
332.16201_3.127,333.16929,332.16201,3.127,negative
332.92199_0.926,333.92926,332.92199,0.926,negative
333.04092_3.639,334.04819,333.04092,3.639,negative
335.14474_1.507,334.13747,335.14474,1.507,positive
333.135_6.151,334.14227,333.135,6.151,negative
335.15573_1.016,334.1485,335.15573,1.016,positive
335.22091_8.138,334.21403,335.22091,8.138,positive
336.14011_1.017,335.13283,336.14011,1.017,positive
334.12576_1.025,335.13303,334.12576,1.025,negative
334.883_1.401,335.89028,334.883,1.401,negative
335.06193_1.235,336.0692,335.06193,1.235,negative
337.16049_1.144,336.15321,337.16049,1.144,positive
337.25282_8.502,336.24555,337.25282,8.502,positive
338.08383_1.132,337.07656,338.08383,1.132,positive
336.88769_1.378,337.89492,336.88769,1.378,negative
337.07152_1.65,338.0788,337.07152,1.65,negative
337.07741_1.208,338.08453,337.07741,1.208,negative
337.09517_1.179,338.10245,337.09517,1.179,negative
337.11421_1.207,338.12216,337.11421,1.207,negative
339.23259_8.229,338.22522,339.23259,8.229,positive
337.90075_1.401,338.90803,337.90075,1.401,negative
340.18679_6.537,339.1795,340.18679,6.537,positive
339.14084_1.135,340.14811,339.14084,1.135,negative
342.13958_0.883,341.1323,342.13958,0.883,positive
386.13071_0.874,341.13248,386.13071,0.874,negative
342.23891_5.426,341.23163,342.23891,5.426,positive
342.23901_6.641,341.23173,342.23901,6.641,positive
340.94649_0.794,341.95377,340.94649,0.794,negative
343.02556_0.912,342.01828,343.02556,0.912,positive
341.07259_1.398,342.07988,341.07259,1.398,negative
343.16653_7.326,342.15927,343.16653,7.326,positive
343.17464_7.796,342.16775,343.17464,7.796,positive
343.1875_3.096,342.18023,343.1875,3.096,positive
343.19779_3.386,342.19051,343.19779,3.386,positive
341.18328_3.374,342.19056,341.18328,3.374,negative
343.19782_1.224,342.1906,343.19782,1.224,positive
342.1264_7.346,343.13173,342.1264,7.346,negative
344.1819_1.197,343.17463,344.1819,1.197,positive
344.22811_5.073,343.22083,344.22811,5.073,positive
344.25483_7.434,343.24755,344.25483,7.434,positive
343.04364_0.865,344.05092,343.04364,0.865,negative
343.1244_1.078,344.13169,343.1244,1.078,negative
345.14021_1.108,344.13248,345.14021,1.108,positive
345.20651_7.801,344.19925,345.20651,7.801,positive
345.22715_7.989,344.22001,345.22715,7.989,positive
345.24266_8.538,344.23486,345.24266,8.538,positive
345.24265_8.275,344.23537,345.24265,8.275,positive
345.27976_8.523,344.27361,345.27976,8.523,positive
343.96683_0.925,344.97407,343.96683,0.925,negative
344.10229_1.106,345.10956,344.10229,1.106,negative
346.13951_7.31,345.13223,346.13951,7.31,positive
346.25895_7.493,345.25167,346.25895,7.493,positive
692.40441_7.233,345.69901,692.40441,7.233,positive
346.90849_0.806,345.90122,346.90849,0.806,positive
345.05_1.428,346.05739,345.05,1.428,negative
345.09738_1.122,346.10465,345.09738,1.122,negative
347.15763_6.888,346.15035,347.15763,6.888,positive
347.15748_7.411,346.15051,347.15748,7.411,positive
347.15875_7.41,346.15223,347.15875,7.41,positive
347.22201_7.965,346.21477,347.22201,7.965,positive
348.09004_1.315,347.08337,348.09004,1.315,positive
330.16595_1.214,347.16915,330.16595,1.214,positive
346.16227_1.213,347.16938,346.16227,1.213,negative
348.94123_0.805,347.93403,348.94123,0.805,positive
347.08774_0.919,348.09502,347.08774,0.919,negative
349.18399_7.24,348.17691,349.18399,7.24,positive
347.18725_7.153,348.19453,347.18725,7.153,negative
698.32208_7.774,348.65736,698.32208,7.774,positive
347.98333_2.932,348.99061,347.98333,2.932,negative
348.08741_6.319,349.09469,348.08741,6.319,negative
175.59484_0.983,349.17513,175.59484,0.983,positive
349.06054_0.892,350.06782,349.06054,0.892,negative
350.10947_1.53,351.1167,350.10947,1.53,negative
351.0571_1.393,352.06437,351.0571,1.393,negative
351.13275_2.492,352.14003,351.13275,2.492,negative
353.19208_1.229,352.18481,353.19208,1.229,positive
353.19286_7.093,352.18558,353.19286,7.093,positive
353.24868_7.925,352.2414,353.24868,7.925,positive
352.12181_1.088,353.12909,352.12181,1.088,negative
354.20075_7.454,353.19346,354.20075,7.454,positive
354.20252_7.076,353.19499,354.20252,7.076,positive
354.20236_7.285,353.19507,354.20236,7.285,positive
352.18797_7.294,353.19524,352.18797,7.294,negative
352.18808_7.09,353.19536,352.18808,7.09,negative
352.96211_1.744,353.96938,352.96211,1.744,negative
353.07292_1.37,354.07995,353.07292,1.37,negative
353.09003_1.164,354.09731,353.09003,1.164,negative
353.10842_1.183,354.11598,353.10842,1.183,negative
355.22783_8.123,354.22033,355.22783,8.123,positive
355.26324_8.499,354.25598,355.26324,8.499,positive
355.2633_8.067,354.25602,355.2633,8.067,positive
355.12487_1.194,356.13228,355.12487,1.194,negative
357.24374_8.234,356.23623,357.24374,8.234,positive
357.27981_8.137,356.27253,357.27981,8.137,positive
403.05523_1.434,358.05717,403.05523,1.434,negative
357.0767_2.954,358.08397,357.0767,2.954,negative
357.07978_3.689,358.08706,357.07978,3.689,negative
359.1641_0.89,358.15682,359.1641,0.89,positive
359.1812_1.181,358.17392,359.1812,1.181,positive
359.25838_8.538,358.25088,359.25838,8.538,positive
359.25913_8.268,358.25201,359.25913,8.268,positive
358.94456_0.798,359.95184,358.94456,0.798,negative
359.06532_1.431,360.07305,359.06532,1.431,negative
473.15149_1.188,360.16548,473.15149,1.188,negative
359.17886_0.859,360.18613,359.17886,0.859,negative
361.23739_8.289,360.2299,361.23739,8.289,positive
360.1298_1.22,361.13708,360.1298,1.22,negative
362.20746_5.426,361.20018,362.20746,5.426,positive
360.19327_5.406,361.20055,360.19327,5.406,negative
362.88596_0.808,361.87865,362.88596,0.808,positive
362.92629_0.907,361.91902,362.92629,0.907,positive
361.01012_1.371,362.01746,361.01012,1.371,negative
361.16744_6.995,362.17472,361.16744,6.995,negative
363.25273_8.313,362.24544,363.25273,8.313,positive
364.14259_6.972,363.13533,364.14259,6.972,positive
364.18651_7.634,363.17922,364.18651,7.634,positive
362.94103_0.886,363.94831,362.94103,0.886,negative
345.02887_1.042,364.04681,345.02887,1.042,negative
365.10555_1.127,364.09829,365.10555,1.127,positive
363.18203_7.254,364.18931,363.18203,7.254,negative
363.18216_5.597,364.18943,363.18216,5.597,negative
365.10918_2.165,366.11645,365.10918,2.165,negative
367.19604_4.84,366.18909,367.19604,4.84,positive
365.2043_0.895,366.21157,365.2043,0.895,negative
366.05741_1.354,367.06469,366.05741,1.354,negative
368.21797_7.216,367.21042,368.21797,7.216,positive
366.20336_7.229,367.21064,366.20336,7.229,negative
367.13579_1.121,368.14307,367.13579,1.121,negative
369.15047_1.132,368.1432,369.15047,1.132,positive
369.24354_8.148,368.23627,369.24354,8.148,positive
368.18269_6.526,369.18997,368.18269,6.526,negative
368.18277_6.997,369.19005,368.18277,6.997,negative
369.13368_1.202,370.14097,369.13368,1.202,negative
371.18333_8.072,370.17605,371.18333,8.072,positive
371.25838_7.955,370.25129,371.25838,7.955,positive
370.06914_6.308,371.07642,370.06914,6.308,negative
373.23834_8.132,372.23042,373.23834,8.132,positive
373.27381_8.504,372.26653,373.27381,8.504,positive
373.27381_8.055,372.26656,373.27381,8.055,positive
373.27388_8.27,372.26663,373.27388,8.27,positive
374.97351_0.927,373.96623,374.97351,0.927,positive
373.0591_0.843,374.06638,373.0591,0.843,negative
375.10439_6.862,374.09712,375.10439,6.862,positive
375.1046_7.065,374.09732,375.1046,7.065,positive
407.27923_8.128,374.24581,407.27923,8.128,positive
375.25334_8.258,374.24608,375.25334,8.258,positive
376.18395_7.072,375.17669,376.18395,7.072,positive
376.22216_7.164,375.215,376.22216,7.164,positive
376.24838_6.947,375.24125,376.24838,6.947,positive
374.90662_0.902,375.91389,374.90662,0.902,negative
374.92208_0.801,375.92936,374.92208,0.801,negative
375.08806_1.221,376.09519,375.08806,1.221,negative
377.14531_6.276,376.13809,377.14531,6.276,positive
377.26802_8.337,376.26085,377.26802,8.337,positive
376.08641_1.317,377.0937,376.08641,1.317,negative
376.10208_0.862,377.10936,376.10208,0.862,negative
378.20243_3.795,377.19515,378.20243,3.795,positive
378.90026_0.918,377.89299,378.90026,0.918,positive
376.91221_0.796,377.91949,376.91221,0.796,negative
379.21136_7.705,378.20409,379.21136,7.705,positive
380.09544_0.917,379.08816,380.09544,0.917,positive
380.11805_1.285,379.11077,380.11805,1.285,positive
378.15204_1.01,379.15932,378.15204,1.01,negative
190.60022_0.982,379.18589,190.60022,0.982,positive
380.21806_6.26,379.21079,380.21806,6.26,positive
378.91795_0.885,379.92523,378.91795,0.885,negative
380.00649_0.903,381.01378,380.00649,0.903,negative
191.58974_0.867,381.16492,191.58974,0.867,positive
382.25953_7.826,381.25225,382.25953,7.826,positive
381.23015_5.714,382.23742,381.23015,5.714,negative
384.15005_1.127,383.14282,384.15005,1.127,positive
428.14099_1.134,383.14284,428.14099,1.134,negative
383.0228_1.731,384.03007,383.0228,1.731,negative
383.09242_6.542,384.0997,383.09242,6.542,negative
383.09261_5.91,384.09988,383.09261,5.91,negative
383.09301_6.123,384.1003,383.09301,6.123,negative
383.12196_1.223,384.12905,383.12196,1.223,negative
385.21316_7.595,384.20601,385.21316,7.595,positive
384.93546_0.909,385.94274,384.93546,0.909,negative
385.10812_6.779,386.1154,385.10812,6.779,negative
385.12881_1.123,386.13609,385.12881,1.123,negative
387.25466_7.953,386.24763,387.25466,7.953,positive
387.2891_8.534,386.28182,387.2891,8.534,positive
386.13062_0.875,387.1379,386.13062,0.875,negative
388.18556_7.399,387.17843,388.18556,7.399,positive
388.25828_7.411,387.2513,388.25828,7.411,positive
386.93951_0.798,387.94678,386.93951,0.798,negative
387.06054_1.468,388.06781,387.06054,1.468,negative
389.17841_4.818,388.17113,389.17841,4.818,positive
389.03685_0.845,390.04412,389.03685,0.845,negative
389.05192_5.062,390.0592,389.05192,5.062,negative
389.13245_6.972,390.13973,389.13245,6.972,negative
389.16833_2.627,390.17561,389.16833,2.627,negative
391.24835_8.022,390.24071,391.24835,8.022,positive
391.28427_8.071,390.27717,391.28427,8.071,positive
391.28422_8.312,390.27724,391.28422,8.312,positive
389.88691_0.795,390.89419,389.88691,0.795,negative
389.93874_0.797,390.94602,389.93874,0.797,negative
390.12075_0.856,391.12821,390.12075,0.856,negative
392.1811_4.531,391.17382,392.1811,4.531,positive
393.15166_6.212,392.14438,393.15166,6.212,positive
391.13763_6.284,392.14491,391.13763,6.284,negative
394.18231_0.989,393.17498,394.18231,0.989,positive
392.16773_1.011,393.17501,392.16773,1.011,negative
394.87438_0.925,393.86711,394.87438,0.925,positive
392.88885_0.798,393.89613,392.88885,0.798,negative
395.03908_0.902,394.0318,395.03908,0.902,positive
395.29519_8.222,394.28791,395.29519,8.222,positive
394.1469_0.971,395.15417,394.1469,0.971,negative
396.16177_0.964,395.1544,396.16177,0.964,positive
396.24943_7.082,395.2422,396.24943,7.082,positive
395.17826_1.126,396.18554,395.17826,1.126,negative
395.98032_0.911,396.9876,395.98032,0.911,negative
197.53543_5.817,397.08541,197.53543,5.817,negative
398.17077_7.568,397.16349,398.17077,7.568,positive
199.60537_0.983,397.19618,199.60537,0.983,positive
397.10834_7.184,398.11562,397.10834,7.184,negative
399.04646_1.591,400.05374,399.04646,1.591,negative
399.05345_1.51,400.06073,399.05345,1.51,negative
399.11463_1.126,400.12208,399.11463,1.126,negative
402.24889_8.158,401.24162,402.24889,8.158,positive
402.2851_7.736,401.27782,402.2851,7.736,positive
400.90923_0.925,401.91651,400.90923,0.925,negative
401.15646_1.216,402.16374,401.15646,1.216,negative
403.17104_1.207,402.16376,403.17104,1.207,positive
404.1782_7.631,403.17103,404.1782,7.631,positive
402.91692_0.8,403.92419,402.91692,0.8,negative
405.11513_7.27,404.10785,405.11513,7.27,positive
406.13201_1.225,405.12473,406.13201,1.225,positive
404.13919_7.139,405.14647,404.13919,7.139,negative
406.29483_7.545,405.28755,406.29483,7.545,positive
405.07126_1.456,406.07849,405.07126,1.456,negative
465.18352_0.995,406.16975,465.18352,0.995,negative
405.91641_0.804,406.92368,405.91641,0.804,negative
406.0668_1.552,407.07375,406.0668,1.552,negative
406.16204_2.509,407.16932,406.16204,2.509,negative
406.17379_7.199,407.18107,406.17379,7.199,negative
408.31105_7.703,407.30377,408.31105,7.703,positive
409.25848_8.074,408.2512,409.25848,8.074,positive
408.1127_0.89,409.11998,408.1127,0.89,negative
408.13221_1.154,409.13949,408.13221,1.154,negative
410.17707_0.977,409.16976,410.17707,0.977,positive
408.1626_0.996,409.16988,408.1626,0.996,negative
408.19039_7.15,409.19767,408.19039,7.15,negative
410.29037_7.992,409.28303,410.29037,7.992,positive
408.86538_0.798,409.87266,408.86538,0.798,negative
411.22248_5.4,410.21551,411.22248,5.4,positive
206.59504_0.868,411.17549,206.59504,0.868,positive
410.86532_0.93,411.8726,410.86532,0.93,negative
413.30498_8.221,412.29789,413.30498,8.221,positive
207.60298_0.966,413.19137,207.60298,0.966,positive
413.13011_1.127,414.13769,413.13011,1.127,negative
416.13981_1.122,415.13232,416.13981,1.122,positive
208.61061_0.983,415.20667,208.61061,0.983,positive
461.15137_1.135,416.15311,461.15137,1.135,negative
417.17606_7.175,416.16881,417.17606,7.175,positive
417.20333_7.802,416.19605,417.20333,7.802,positive
417.04808_0.893,418.05536,417.04808,0.893,negative
419.18743_1.045,418.18032,419.18743,1.045,positive
419.18862_1.048,418.18158,419.18862,1.048,positive
419.27913_8.18,418.27186,419.27913,8.18,positive
418.11259_1.275,419.11987,418.11259,1.275,negative
418.89455_0.801,419.90182,418.89455,0.801,negative
421.25812_8.024,420.25086,421.25812,8.024,positive
421.2945_8.47,420.28722,421.2945,8.47,positive
420.17656_7.147,421.18415,420.17656,7.147,negative
422.21347_1.191,421.20619,422.21347,1.191,positive
420.19903_1.197,421.2063,420.19903,1.197,negative
420.89264_0.802,421.89991,420.89264,0.802,negative
421.06613_1.417,422.07336,421.06613,1.417,negative
423.19714_1.52,422.18987,423.19714,1.52,positive
423.27384_8.508,422.26658,423.27384,8.508,positive
423.30938_8.561,422.30236,423.30938,8.561,positive
424.18947_7.507,423.18219,424.18947,7.507,positive
424.19273_0.98,423.18545,424.19273,0.98,positive
422.17838_0.999,423.18566,422.17838,0.999,negative
423.22532_5.884,424.23259,423.22532,5.884,negative
425.27572_6.096,424.26845,425.27572,6.096,positive
424.08684_0.918,425.09388,424.08684,0.918,negative
485.15089_1.188,426.1373,485.15089,1.188,negative
427.15178_0.89,426.14451,427.15178,0.89,positive
427.16279_7.741,426.15552,427.16279,7.741,positive
427.08244_6.508,428.08972,427.08244,6.508,negative
429.24613_2.916,428.23886,429.24613,2.916,positive
429.29946_8.338,428.29218,429.29946,8.338,positive
428.06768_2.494,429.07495,428.06768,2.494,negative
428.14103_1.14,429.1485,428.14103,1.14,negative
428.15019_5.419,429.15747,428.15019,5.419,negative
430.914_0.909,429.90673,430.914,0.909,positive
429.15487_3.625,430.16214,429.15487,3.625,negative
431.31365_8.47,430.30658,431.31365,8.47,positive
431.3155_8.217,430.3082,431.3155,8.217,positive
432.24101_8.005,431.23373,432.24101,8.005,positive
433.24474_6.98,432.23739,433.24474,6.98,positive
215.47775_1.712,432.97071,215.47775,1.712,negative
434.18934_1.192,433.18206,434.18934,1.192,positive
432.21011_0.995,433.21738,432.21011,0.995,negative
434.22472_1.012,433.21744,434.22472,1.012,positive
434.2247_0.915,433.21746,434.2247,0.915,positive
432.85713_0.934,433.86441,432.85713,0.934,negative
433.11349_1.199,434.12079,433.11349,1.199,negative
434.21454_1.25,435.22181,434.21454,1.25,negative
436.22924_1.242,435.22197,436.22924,1.242,positive
434.21473_2.375,435.22201,434.21473,2.375,negative
434.87172_0.803,435.879,434.87172,0.803,negative
437.12679_1.118,436.11951,437.12679,1.118,positive
438.16303_7.565,437.15571,438.16303,7.565,positive
436.1941_1.155,437.20129,436.1941,1.155,negative
436.86806_0.802,437.87534,436.86806,0.802,negative
439.16436_5.083,438.15709,439.16436,5.083,positive
439.2917_7.011,438.28441,439.2917,7.011,positive
437.27714_6.999,438.28442,437.27714,6.999,negative
438.20938_1.193,439.21689,438.20938,1.193,negative
441.20798_1.36,440.20069,441.20798,1.36,positive
441.20818_1.237,440.2009,441.20818,1.237,positive
441.30747_7.474,440.3002,441.30747,7.474,positive
442.25494_7.576,441.24776,442.25494,7.576,positive
442.27018_5.118,441.26294,442.27018,5.118,positive
440.25568_5.516,441.26295,440.25568,5.516,negative
440.25565_5.115,441.26295,440.25565,5.115,negative
442.27028_5.518,441.26299,442.27028,5.518,positive
444.11703_1.137,443.10975,444.11703,1.137,positive
442.10257_1.149,443.10984,442.10257,1.149,negative
444.20789_0.931,443.20062,444.20789,0.931,positive
445.19762_7.627,444.19035,445.19762,7.627,positive
446.88789_0.916,445.88061,446.88789,0.916,positive
447.22018_7.515,446.21298,447.22018,7.515,positive
447.27235_8.461,446.265,447.27235,8.461,positive
446.16449_0.98,447.17171,446.16449,0.98,negative
224.60572_0.875,447.19676,224.60572,0.875,positive
447.20638_6.031,448.21366,447.20638,6.031,negative
447.20673_7.179,448.21401,447.20673,7.179,negative
447.99398_0.906,449.00135,447.99398,0.906,negative
448.83147_0.941,449.83875,448.83147,0.941,negative
449.18915_1.005,450.19638,449.18915,1.005,negative
452.31201_7.633,451.30473,452.31201,7.633,positive
475.32556_7.454,452.33627,475.32556,7.454,positive
452.92297_0.907,453.93025,452.92297,0.907,negative
456.33194_8.096,455.32466,456.33194,8.096,positive
457.26658_6.957,456.25928,457.26658,6.957,positive
516.20533_1.088,457.19129,516.20533,1.088,negative
459.22369_7.606,458.21636,459.22369,7.606,positive
459.1357_1.125,460.14295,459.1357,1.125,negative
461.23844_7.725,460.23116,461.23844,7.725,positive
463.02664_0.901,462.01937,463.02664,0.901,positive
461.15065_1.138,462.1579,461.15065,1.138,negative
231.02022_6.146,464.05499,231.02022,6.146,negative
231.02043_6.737,464.05542,231.02043,6.737,negative
231.03883_6.887,464.09221,231.03883,6.887,negative
465.16952_1.258,464.16225,465.16952,1.258,positive
464.10797_1.093,465.11525,464.10797,1.093,negative
464.19992_0.861,465.20719,464.19992,0.861,negative
232.02835_4.662,466.07124,232.02835,4.662,negative
466.23532_7.186,467.24259,466.23532,7.186,negative
468.24987_7.201,467.2426,468.24987,7.201,positive
468.3071_7.471,467.29981,468.3071,7.471,positive
470.22874_8.124,469.22137,470.22874,8.124,positive
470.26637_7.253,469.25909,470.26637,7.253,positive
468.89671_0.922,469.90399,468.89671,0.922,negative
469.2041_0.864,470.21138,469.2041,0.864,negative
471.21896_0.87,470.21169,471.21896,0.87,positive
472.24536_7.926,471.23808,472.24536,7.926,positive
470.90434_0.797,471.91162,470.90434,0.797,negative
471.1352_1.184,472.14277,471.1352,1.184,negative
472.92632_0.798,473.93359,472.92632,0.798,negative
473.07063_1.551,474.07791,473.07063,1.551,negative
473.20723_6.356,474.21451,473.20723,6.356,negative
475.22251_6.353,474.21524,475.22251,6.353,positive
473.9262_0.801,474.93348,473.9262,0.801,negative
476.16124_1.108,475.15394,476.16124,1.108,positive
477.10002_1.565,476.09256,477.10002,1.565,positive
475.08782_1.589,476.09509,475.08782,1.589,negative
477.23457_7.597,476.227,477.23457,7.597,positive
239.03625_5.377,480.08705,239.03625,5.377,negative
239.03626_5.543,480.08707,239.03626,5.543,negative
239.03626_4.913,480.08708,239.03626,4.913,negative
480.18356_1.042,481.19083,480.18356,1.042,negative
482.19825_1.039,481.19095,482.19825,1.039,positive
464.10793_1.092,483.1258,464.10793,1.092,negative
242.58021_0.975,483.14586,242.58021,0.975,positive
482.14551_5.377,483.15279,482.14551,5.377,negative
484.24451_8.026,483.23703,484.24451,8.026,positive
484.30208_7.299,483.2948,484.30208,7.299,positive
483.13532_1.208,484.14261,483.13532,1.208,negative
483.24694_7.266,484.25422,483.24694,7.266,negative
486.2237_7.81,485.21643,486.2237,7.81,positive
484.87088_0.928,485.87816,484.87088,0.928,negative
485.03552_0.893,486.04279,485.03552,0.893,negative
486.8822_0.8,487.88948,486.8822,0.8,negative
490.17692_1.105,489.1696,490.17692,1.105,positive
488.90378_0.801,489.91106,488.90378,0.801,negative
536.22678_0.862,491.22833,536.22678,0.862,negative
247.09769_0.852,492.18082,247.09769,0.852,positive
537.19182_0.879,492.19353,537.19182,0.879,negative
495.24181_6.323,494.23453,495.24181,6.323,positive
495.31879_7.977,494.31097,495.31879,7.977,positive
497.13411_6.29,496.1269,497.13411,6.29,positive
495.11971_6.314,496.12698,495.11971,6.314,negative
495.19438_0.891,496.20165,495.19438,0.891,negative
500.92004_0.796,501.92731,500.92004,0.796,negative
501.14656_1.178,502.15372,501.14656,1.178,negative
503.30678_6.84,502.29964,503.30678,6.84,positive
505.24381_7.908,504.2365,505.24381,7.908,positive
504.88062_0.803,505.8879,504.88062,0.803,negative
507.26_7.727,506.25273,507.26,7.727,positive
507.15021_1.109,508.15749,507.15021,1.109,negative
255.08629_0.853,508.1581,255.08629,0.853,positive
509.17442_0.916,508.16714,509.17442,0.916,positive
507.23098_1.198,508.23826,507.23098,1.198,negative
509.21013_1.008,510.21741,509.21013,1.008,negative
511.25544_8.538,510.24846,511.25544,8.538,positive
513.34078_8.557,512.33368,513.34078,8.557,positive
512.15586_5.882,513.16314,512.15586,5.882,negative
515.17288_1.101,516.18016,515.17288,1.101,negative
515.98058_0.907,516.98771,515.98058,0.907,negative
516.81877_0.936,517.82604,516.81877,0.936,negative
516.89739_0.799,517.90467,516.89739,0.799,negative
519.23079_1.025,520.23806,519.23079,1.025,negative
521.3095_8.533,520.30235,521.3095,8.533,positive
521.3594_7.559,520.35212,521.3594,7.559,positive
520.91031_0.907,521.91758,520.91031,0.907,negative
521.20871_1.011,522.21605,521.20871,1.011,negative
523.33729_8.133,522.33001,523.33729,8.133,positive
523.3746_7.824,522.36732,523.3746,7.824,positive
523.37508_7.571,522.3678,523.37508,7.571,positive
522.17706_7.305,523.18434,522.17706,7.305,negative
524.34484_7.415,523.33757,524.34484,7.415,positive
525.28898_6.848,524.2817,525.28898,6.848,positive
527.15825_1.119,526.15051,527.15825,1.119,positive
527.16154_2.538,526.15427,527.16154,2.538,positive
527.25215_0.886,526.24487,527.25215,0.886,positive
531.01415_0.904,530.00687,531.01415,0.904,positive
531.20314_1.111,530.19586,531.20314,1.111,positive
529.18891_1.112,530.19619,529.18891,1.112,negative
531.15704_1.152,532.16401,531.15704,1.152,negative
532.87502_0.801,533.88229,532.87502,0.801,negative
536.32208_8.159,535.3148,536.32208,8.159,positive
537.39026_7.795,536.38299,537.39026,7.795,positive
560.306_7.494,537.31654,560.306,7.494,positive
538.33699_8.189,537.3297,538.33699,8.189,positive
536.88439_0.92,537.89167,536.88439,0.92,negative
538.14509_1.09,539.15236,538.14509,1.09,negative
540.09695_5.767,541.10423,540.09695,5.767,negative
540.15079_5.177,541.15806,540.15079,5.177,negative
543.27765_7.964,542.27033,543.27765,7.964,positive
544.33887_7.63,543.3316,544.33887,7.63,positive
273.13114_4.829,544.24772,273.13114,4.829,positive
546.20314_1.105,545.1956,546.20314,1.105,positive
546.35434_7.636,545.34707,546.35434,7.636,positive
546.35454_7.886,545.34726,546.35454,7.886,positive
545.17265_1.132,546.18011,545.17265,1.132,negative
548.18293_1.112,547.17565,548.18293,1.112,positive
548.85262_0.802,549.8599,548.85262,0.802,negative
552.85858_0.928,553.86585,552.85858,0.928,negative
553.02315_0.895,554.03043,553.02315,0.895,negative
555.31168_8.071,554.30441,555.31168,8.071,positive
554.22058_0.99,555.22785,554.22058,0.99,negative
562.19827_1.104,561.19099,562.19827,1.104,positive
566.17773_7.119,565.17045,566.17773,7.119,positive
564.16331_7.147,565.17058,564.16331,7.147,negative
564.82983_0.804,565.8371,564.82983,0.804,negative
569.25508_8.092,568.2478,569.25508,8.092,positive
569.29446_4.073,570.30174,569.29446,4.073,negative
570.13597_4.579,571.14325,570.13597,4.579,negative
287.55542_2.833,577.12539,287.55542,2.833,negative
290.0758_1.106,578.13704,290.0758,1.106,positive
582.25187_1.19,583.25915,582.25187,1.19,negative
584.23164_0.985,585.23891,584.23164,0.985,negative
584.80625_0.935,585.81353,584.80625,0.935,negative
587.2871_7.287,586.27981,587.2871,7.287,positive
589.30266_7.722,588.29539,589.30266,7.722,positive
587.28819_7.304,588.29546,587.28819,7.304,negative
588.89797_0.906,589.90524,588.89797,0.906,negative
296.15224_7.055,590.28994,296.15224,7.055,positive
591.31741_8.448,590.31014,591.31741,8.448,positive
591.31833_7.322,590.31104,591.31833,7.322,positive
589.30394_7.307,590.31121,589.30394,7.307,negative
593.33315_7.375,592.32588,593.33315,7.375,positive
593.33342_8.441,592.32614,593.33342,8.441,positive
595.34663_7.365,594.33936,595.34663,7.365,positive
595.34791_8.465,594.34064,595.34791,8.465,positive
593.33337_7.358,594.34065,593.33337,7.358,negative
595.34828_7.383,594.34099,595.34828,7.383,positive
200.63696_0.796,598.88906,200.63696,0.796,positive
604.3532_6.952,603.34592,604.3532,6.952,positive
604.87211_0.918,605.87938,604.87211,0.918,negative
607.31232_8.142,606.30503,607.31232,8.142,positive
607.31335_7.231,606.3059,607.31335,7.231,positive
605.29942_7.212,606.30665,605.29942,7.212,negative
304.63011_0.887,607.24562,304.63011,0.887,positive
607.31381_7.223,608.32103,607.31381,7.223,negative
609.32851_8.082,608.32124,609.32851,8.082,positive
611.26834_7.421,610.26185,611.26834,7.421,positive
611.3441_8.127,610.33683,611.3441,8.127,positive
613.29801_7.312,612.29073,613.29801,7.312,positive
611.28554_7.306,612.29282,611.28554,7.306,negative
306.04775_2.94,614.11005,306.04775,2.94,negative
620.27489_7.378,619.26761,620.27489,7.378,positive
618.86095_0.803,619.86823,618.86095,0.803,negative
620.84582_0.927,621.85309,620.84582,0.927,negative
621.01035_0.897,622.01763,621.01035,0.897,negative
625.2675_0.996,624.26021,625.2675,0.996,positive
623.2534_1.007,624.26068,623.2534,1.007,negative
625.32424_7.098,624.31705,625.32424,7.098,positive
628.33081_5.169,627.32354,628.33081,5.169,positive
626.31637_5.155,627.32365,626.31637,5.155,negative
628.17653_1.097,629.18381,628.17653,1.097,negative
316.14993_6.969,630.2853,316.14993,6.969,positive
635.34036_6.869,634.3331,635.34036,6.869,positive
633.32609_6.901,634.33337,633.32609,6.901,negative
634.83805_0.802,635.84533,634.83805,0.802,negative
636.81981_0.931,637.82709,636.81981,0.931,negative
639.18708_1.357,640.19435,639.18708,1.357,negative
324.14122_7.332,646.26789,324.14122,7.332,positive
655.2769_8.41,654.26962,655.2769,8.41,positive
329.08672_1.368,656.15826,329.08672,1.368,positive
657.36716_7.281,656.35979,657.36716,7.281,positive
335.18631_7.127,668.35807,335.18631,7.127,positive
671.27521_7.383,670.26787,671.27521,7.383,positive
669.28429_1.196,670.29157,669.28429,1.196,negative
673.29021_7.46,672.2828,673.29021,7.46,positive
672.85986_0.919,673.86714,672.85986,0.919,negative
687.26958_7.349,686.26226,687.26958,7.349,positive
685.25581_7.34,686.26309,685.25581,7.34,negative
689.28526_7.413,688.27756,689.28526,7.413,positive
698.32189_7.77,697.31456,698.32189,7.77,positive
350.67936_4.567,699.34415,350.67936,4.567,positive
708.25512_1.087,707.24796,708.25512,1.087,positive
360.17546_7.236,718.33636,360.17546,7.236,positive
360.67722_7.24,719.33989,360.67722,7.24,positive
379.711_7.307,757.40744,379.711,7.307,positive
382.18914_7.322,762.36372,382.18914,7.322,positive
388.20861_6.932,774.40266,388.20861,6.932,positive
394.19544_4.69,786.37632,394.19544,4.69,positive
402.24245_7.009,802.47035,402.24245,7.009,positive
423.73742_7.461,845.46028,423.73742,7.461,positive
428.72435_5.717,855.43415,428.72435,5.717,positive
430.70967_5.426,859.40478,430.70967,5.426,positive
430.70982_6.391,859.4051,430.70982,6.391,positive
430.71016_5.809,859.40578,430.71016,5.809,positive
435.25117_7.312,868.48779,435.25117,7.312,positive
437.71155_4.738,873.40855,437.71155,4.738,positive
454.75592_7.307,907.49728,454.75592,7.307,positive
453.57194_4.104,909.15842,453.57194,4.104,negative
457.23515_7.315,912.45574,457.23515,7.315,positive
476.76985_7.377,951.52515,476.76985,7.377,positive
479.24936_7.366,956.48417,479.24936,7.366,positive
498.78192_7.426,995.54929,498.78192,7.426,positive
499.76838_7.458,997.5222,499.76838,7.458,positive
528.78295_7.234,1055.55134,528.78295,7.234,positive
537.20058_3.548,1076.41572,537.20058,3.548,negative
537.20102_1.248,1076.4166,537.20102,1.248,negative
539.77358_7.232,1077.53261,539.77358,7.232,positive
561.30931_7.021,1120.60406,561.30931,7.021,positive
572.29896_7.178,1142.58336,572.29896,7.178,positive
618.31472_7.578,1234.61488,618.31472,7.578,positive
630.86062_7.611,1259.7067,630.86062,7.611,positive
642.86965_7.005,1283.72475,642.86965,7.005,positive
