sample,PC1,PC2,PC3,PC4,PC5,PC6,PC7,PC8,PC9,PC10,PC11,PC12,PC13,PC14,PC15,PC16,PC17,PC18,PC19,PC20,PC21,PC22,PC23,PC24,PC25,PC26,PC27,PC28,PC29,PC30,PC31,PC32,PC33,PC34,PC35,PC36,PC37,PC38,PC39,PC40,PC41,PC42,PC43,PC44,PC45,PC46,PC47,PC48,PC49,PC50,PC51,PC52,PC53,PC54,PC55,PC56,PC57,PC58
A_1,-9.15369757673519,48.4162876068791,5.4524387857145,-3.99719078367693,8.292524066876,-4.5605625154129,4.81366339743973,-8.99456490089326,3.69774555793527,-14.8579676165072,4.24884630900412,-1.75866183715994,6.36282391309041,-2.97282727862982,4.72138200534663,-10.2381253958894,7.01409367716303,-0.93936975425203,-4.31247593509914,3.56860255631495,0.927448114303082,6.22675295791743,-0.429917212881895,-3.81773277101968,0.225883714487789,4.36523235347514,-0.98167580455753,-3.45794950186474,-0.852850397459843,2.6840543354321,1.03937288437785,2.30631977699565,2.18668494827057,1.38178177458169,3.7613712652882,-3.43532462461167,-5.59287036606229,-2.40896740239454,-3.31702077672862,-1.08774466861582,3.50164607245931,2.63687519195367,0.949476913652382,-2.24949545861163,-0.230091901324618,-1.40884378115346,-0.103823778386336,-2.69870724844205,0.414962784055691,0.27066064664945,1.44791866734956,-0.272026972036009,-0.0605276386830558,-0.583741957124765,0.559272005229808,-0.604692482508451,-0.0269963653579963,-1.82288203562216e-13
A_2,-16.3000209245559,24.2734010085431,8.10593579801455,-15.7516255452202,1.15610967773458,9.56027298680456,-2.71462704548955,9.06449098245927,13.4830128751068,-2.49825077500876,6.64412252414696,0.0929338936025518,-5.34911824238962,0.0911888243089969,0.742363418114935,1.83883823091145,1.32896965242103,2.7969607525156,-3.46715074606704,-1.58039361695864,-3.5440511594755,-0.109970136504858,-2.58583372147135,-3.38637118914096,3.20098136658147,2.34482237860984,-2.77769108460012,2.60874116056265,-0.310798698997755,-2.34953847327863,2.14191352499821,-3.4533345975379,2.38826522700912,1.86514394784562,3.3728913059821,-3.62704493326889,2.49854168017908,-0.508378602563279,6.45234809018443,-4.04278192806484,0.639993126125907,-5.28740551847118,-4.14718696329035,1.61002210748291,-1.45335233664684,0.803948729336954,4.74759446497588,3.35723737329434,-2.26214444268173,-2.2215437663189,-2.50609819073464,1.66612506903217,2.35824931229133,1.83295700319783,-3.17864138316116,0.370918281494053,-0.611664690862612,-1.77515350977626e-13
A_3,-17.5772221563298,30.1895568237985,1.51013006684358,-0.640813899412651,-8.83938157162171,4.6763342511301,6.06318634042206,-9.10223524630386,10.5050366923366,-6.6302443621105,-6.98778202995217,4.78786433104077,0.34954198569393,1.77871580308607,-7.2008550325436,-0.282321769832094,0.436919959097475,4.873095581327,7.37219514050044,-4.5197015228333,4.07652058498082,-6.08761982278206,1.53995052649701,0.220792179476463,3.9068226777826,-1.40451807048847,3.24981996279653,0.966711353015652,3.20598290574893,4.38725082591393,5.21089987518512,2.5534892362899,-4.05540739159522,2.30967277127663,-8.5859321131863,-4.04619598664924,0.365467738177492,1.38293064024902,0.637501155554047,-1.60722065133419,0.10286665146634,0.94625455035021,3.00648437481497,0.807218289722645,-2.15839689908992,-1.22190392179422,0.415372697257462,3.35274886172566,1.84171438261825,-1.11623868639361,0.458735712708423,1.64515709699189,-1.25868637936267,-2.38484089932682,1.08016418084157,2.24685422885037,-0.176531612675144,-1.79913359478653e-13
A_4,29.8120764720949,14.5802234938707,3.97632156713016,-2.6511358274018,2.36969434930792,-1.93258965201977,-7.09349156001773,-2.78529381949513,7.50536597761417,5.16612903595521,-6.87036981072065,1.04353366592848,2.14319984461167,-2.81663703803726,0.293812971564838,1.40237583897059,0.71282039582331,-1.39174785706097,-1.87011222814605,-6.86191859621473,6.04218093618893,5.2477783871424,1.59631494862422,-2.73660459505789,2.97820819496116,-0.230857737488353,-3.14859305324693,-2.13514029701005,0.254089027946612,-2.50601968354647,1.7154263684875,4.81421037077325,-1.29123367960377,1.28868258954974,1.57180783590276,2.17334203262177,2.42283873862416,-0.0814873701265935,3.62223571131621,1.88606087821076,-2.95459145131477,0.124131034696802,4.02629775985382,-5.41785126099279,4.16977652737126,5.42031332541966,-5.34859559793257,2.47746591440225,-1.70619572890187,-0.645803076710633,-2.30583710193791,2.62825174474701,-2.97141885965998,3.11584923785582,-0.103922899669275,-5.34873664701529,-2.04226220003714,-1.78247786589212e-13
A_5,28.3747942852472,2.10699968311584,-4.31015199261735,-7.26143129029443,-5.50284819422033,4.11954111344521,-5.71458042092368,-1.63238025319686,-4.85059397074578,-4.19563666973126,-5.17574567565388,-7.64303270068855,-0.617961834646322,-4.22312987400408,0.796811167289735,1.83494657843094,-4.3432864018709,-2.68411445790828,1.91679045335346,-4.47445486165526,0.616807587890559,-1.99414815057148,-3.29474545904089,-6.79547612613511,-2.2657316728431,-4.5766164000409,-1.96029194234408,0.160354573263621,-2.76592374170483,-2.08304545009471,5.81177851441009,0.169307000599073,2.6135698998659,4.10410641170075,-0.8964570624689,3.37408992786507,-3.44329573876564,4.31007711774537,0.264009593411324,-2.9929779508498,0.546357739298785,-0.361797537384339,0.0219376525168373,5.87643246082796,0.849732047859845,-6.00967103339677,1.18925473545389,-4.97420097845258,0.883705853612177,2.21569084637039,1.49927819619353,1.31127213735735,-3.92783576491902,2.37193227487024,-1.70858564826696,-3.32433555114845,3.75466692851449,-1.80990696765768e-13
A_6,2.12431600578491,21.8125149232788,-9.90237630834538,-11.5024749583507,9.33883795172052,2.51809299995618,-11.0829816132189,11.2159110550882,-2.953808813724,-0.199851414457849,2.3153429286145,5.90677638599788,-12.2254208435156,-1.59967738992474,0.48612727444342,-7.29037307664576,7.76202222481834,-9.8546595218547,0.911031432598382,-2.15026393762726,3.96060515219169,-2.28685326869259,1.09871077652826,-0.248647842777573,2.40020587932105,0.0978621119324277,5.7398896597264,-0.0187927848426642,3.22206446495695,1.7980000576974,-7.01985582739847,-3.08395853159876,-4.32193254728106,3.23064536699524,-1.89369197129378,5.5908128724818,-0.174675488530002,2.5669012543831,1.50989139382904,2.2356710851143,-0.445093633927163,0.797854368953001,1.3994702656438,-0.980322190118236,-0.126498418121757,-1.28121307179008,0.788708469197519,-1.26844421343363,-0.18876665177134,-0.437058010338312,1.88308476554181,-1.30339435626583,-1.26571214006809,-1.52996815503148,-1.13801476424512,0.992286802813,0.479123322106644,-1.77814032945675e-13
A_7,27.6366105248595,8.89008469327314,-0.551756985119654,-3.84293831778473,-0.0509798206266226,3.90158245281569,-5.96200678964234,-0.520360233386308,-5.15952387127014,-1.63153243292695,-10.7943165429352,1.43203618824787,1.95003507629738,-1.30965924810525,1.61618610589877,1.71141270504743,-0.906654992705469,2.20524664961939,0.0382633863916788,-6.0970313122847,-2.68800831114599,3.94713525787648,-2.39576480988764,-1.19409060522759,-4.11653904669825,0.250149922596617,-1.60684684298696,-2.81051496173912,0.575957108785276,-3.32722530917078,0.818705874164675,-0.76272580696428,1.32516365184421,-4.05026785139848,3.10347116631356,4.23992209976505,-4.22479523922275,0.321567226056344,2.06761247384899,2.79263314472485,-0.860953221673651,-2.92212093353542,0.12022843197124,-0.87821992277498,-1.32146585740948,0.667625110247569,1.11552835564692,-0.567399220937182,5.82976248088813,-4.74784748932882,0.64396006415824,3.87708431123513,3.01742355849123,-7.11791674540729,1.86032941834432,5.91630109250183,-2.62689981244569,-1.80268846156177e-13
A_8,-23.8650885527838,3.59821947150187,-12.6214863785318,-9.63386114716941,0.3838039336353,8.06933048284124,-1.60382508430089,9.09883578406516,-1.56409570177749,-0.406531626401859,-4.12269323394671,9.38253902509689,-10.7257168462634,11.5715522748584,-0.659186398243663,-2.9688979775508,-5.39779771083316,1.81685884992477,-1.67563813038026,4.247364774533,-5.11827958533616,3.08927754028864,1.15360149419084,-1.91113722860844,-2.20431735072055,-5.33159285704733,-7.71823247892119,-0.134248787557957,-0.836597318668183,-0.964666014789303,2.91699619314808,5.20813539394525,-6.53187838689531,-3.52456573695335,-1.1554038430537,-2.28792806543489,-3.22766623513426,-4.85555621262453,-3.99135892960514,0.281440637679295,0.634890241188848,1.1898723396592,1.12947397183406,-0.827240270796125,1.81268795594573,0.251745676003656,-0.0527899057598748,-1.4123747432525,1.24052507993024,1.4618347296585,-0.711837103979139,-0.857351577076105,0.595967908599346,0.156289229474801,-0.778633340348044,-2.17230799216469,0.195366952918232,-1.80213261494616e-13
A_9,29.6171187421747,3.26607271756744,-1.02766611687527,-9.8160278348413,-10.1202890779207,11.811703489336,2.9522055423677,-6.60582246457917,-4.15104013469615,4.09617962073217,4.20728566514082,-4.35415225423512,0.382500098181969,1.64275831032432,1.40560415721186,-0.462295893490378,-0.788363182794198,1.93761943328761,2.37918714382349,6.01681151353716,1.2121046859077,1.67164991689583,-2.64683529381686,3.18788260514885,0.762026910608109,6.30940014992027,-3.28078800206212,6.89490838805264,5.96827111576464,0.184805124956742,-1.71349453286102,-3.55195591705545,0.491968733424792,-1.05603088613636,-1.90720323738574,-1.24317192888416,3.09353616400806,0.0770049549826226,2.0336899161658,-2.76505836227074,-3.78807330445755,0.150417100786052,2.59568547293656,-5.7934652399655,-1.89693943727729,-1.93765311444963,-3.06849926038858,-5.28277123607507,6.84652866559443,-1.96115873025565,0.488295235595312,-1.93855595382019,1.52282907515248,1.18421254935116,-1.03706946259043,-2.58423488843108,1.05181533069233,-1.76677884811698e-13
A_10,-7.79225226942633,35.6624596979787,-8.89990195101275,0.644715958817863,0.750910396340818,-8.67543293408723,5.16421202381455,8.03591896079673,-2.35605901724051,4.8372815908155,-1.83116805641954,3.57150708654453,3.78280467054606,-4.96077035452397,1.5688910518095,-2.09081654174252,-2.08660986265702,4.95099937984811,2.89539606990762,5.02387299265858,-2.86528123239205,1.00171221259542,-0.027791475572698,1.21508264472094,7.27618888045794,1.32202495213118,-4.87681080127891,6.25072651220085,0.457216124740421,-3.0976718474371,3.22579487533143,2.7153174092776,-0.74382908354215,0.816078219294964,3.97108241651389,5.7364010976767,3.55284188484784,5.37882097931311,-1.27427461963539,1.52307791099077,0.602528494860706,-0.0828087691842577,0.410602178807984,3.81884947058795,-6.6221965307937,-0.371020743540872,-3.31598761524003,-0.45305422611315,-3.82113315442363,1.4197861763924,-0.0833486922715386,-2.55847581630962,-0.176577721930851,-2.52274561034916,3.4917269142184,0.0161313662499795,-0.704731534004198,-1.79029651882524e-13
A_11,18.6915739110071,-4.06360976892325,-2.48899190871343,-9.89439812066521,5.41235322747965,-3.15650345210384,-7.67332370178615,-18.017683885567,-6.65095745010274,-1.932104546605,-1.79019362491069,9.99468763144185,-3.77809637450785,-2.67710435329826,5.02165736602903,3.50120951024804,-1.98103283333644,4.93210370998163,1.61900575028128,1.45223688241766,-8.35596178733527,-3.13424876296549,1.39859904637528,-1.55078417761642,4.83727109081301,-0.0165145567012224,4.69142046711844,-5.89354399566121,-2.78223970115548,4.213369080906,4.00491374325897,-6.20834925530651,-2.04701352279015,-1.18564765922111,3.97483329700245,0.248662722232999,5.8894273390256,0.0157379636157875,-2.34535732664671,1.10901738274405,-1.85182145858501,3.54170069021581,-1.14231692462676,0.454025336095368,0.524474524174596,1.7281207517713,1.76316681252911,-0.696496771213027,0.263519877021732,-2.12066570327519,-0.169250345254482,-1.84937111322545,-0.219927411582844,2.84572716199463,0.0446366663036369,-0.690676829209633,-0.272976533462298,-1.76487315818929e-13
A_12,-26.743997752308,19.1477003200404,0.319943615016341,6.01986187038539,-9.83397141425682,-15.2051667585926,6.43670794653069,-4.85217272741417,-7.27374357071715,-3.30093469744564,-3.70775127971019,-0.0764404408756497,-5.3290573286877,6.82733551471476,-2.55934146227899,3.69726033985115,1.98711199272977,1.76180786781412,-7.15691229734158,-2.12314756338675,2.6681874635091,2.42735827857223,-5.98343117650118,0.442470885923999,4.10566833107556,1.39412396688235,-1.98675781261566,1.91805603938134,-1.47283870090655,-2.79713511611467,-3.96222660936959,-3.62558817568488,1.60254011524424,-0.530855687803931,-5.73898347746393,4.43675862197985,3.36057970397308,-0.0930941215677464,-2.25508648301197,-1.97607921236102,1.5679078423824,4.05007511768658,-2.27422785067981,0.511464302877704,4.21328947536674,-1.95535050551032,1.93727389901127,-3.12255355006572,-1.84646686950398,-1.26479619546201,-3.36233865119842,3.30917155341903,0.52242759138706,-0.713954739969736,-2.0243207939804,-0.497647042686784,-4.41386912463871,-1.77955448123184e-13
A_13,21.5343246570126,-3.8308652175844,-5.81378652728718,-4.88299614055282,0.188543114375132,3.06418285264015,-8.1841686289573,-2.6841139300258,-1.63401512916794,-4.27909587732764,-5.71404182600227,-2.09257699664769,0.303734845783886,1.81340810326957,0.96227865344374,2.97139670877963,2.71011899076233,4.84759424789066,-3.26567191271688,1.35751669740359,5.63925883534989,-4.94316900075882,2.62833654839253,4.50331025027197,-0.584431663940173,0.194592934172704,3.57153003122456,-1.14108219599968,0.604770705113779,-5.07964274768561,1.29885723788705,1.48172067065059,4.39693536104338,-2.33910586312936,-0.791862373941027,3.1231585322857,-5.87737293577688,-4.28781794371917,-1.69301430056492,-1.78894244355251,-3.16171181074746,2.60973213313246,-2.1936847349099,-2.57669165304589,-4.95436216460408,-3.59733112678572,-1.56853724538019,4.97504171654877,-5.13338038321487,-0.0226800486468975,-3.29951652121746,-5.57102054379884,1.82819658293423,-1.40768565968894,-3.87937283587223,-1.17706995110713,0.798534033479542,-1.80427222284793e-13
A_14,28.5034709072896,2.05120369491198,7.74585720438929,-4.21812528948967,-6.86874712721468,6.41231155860942,10.4413422900213,-5.59894469482211,-5.23865503749974,8.51190163541629,5.06244317273277,-0.796703286533608,-4.12988561901624,4.01044031470611,-6.33314087840262,0.269662694528418,2.41712691663689,-7.13326607965232,1.51655864276333,2.83626354606793,-8.63988740951506,2.9933563509877,-4.14481971328201,0.656971027532509,2.58646911028936,1.10966456561863,0.201221129839926,-2.42360511180353,2.98873178337096,-1.97847744762893,3.19229476395306,0.362378458116794,4.44007144482775,0.212803580728523,-3.10988981265387,0.393656445693564,-7.75642339042026,2.27939281700953,4.50015415021195,3.11420999971165,0.653235228962163,5.82795430751891,-1.35025059788572,0.244712023874979,0.366321830906657,4.1777344007654,1.14326607317723,3.08453092832076,-3.22598074827988,1.33326534532538,1.89022679446977,-1.32452147820933,-1.9840066968812,1.09075445690051,1.99028733374066,1.26602405700719,-0.891361346657624,-1.80806695717623e-13
A_15,-32.9386468400856,1.0431537868967,1.56835224499021,3.38780644093211,-14.1313087754829,1.07626013488865,3.41580287904404,-2.26132597683247,-0.299672696664083,-5.93280218845262,-5.99992614188351,-1.18921503057341,0.505071048948794,5.8341770357017,2.53593498455565,3.53685293674352,7.04808034810689,-8.50910454723894,1.42245173742711,-6.29081619844013,-4.23756754888496,-4.7196411650299,2.68557544171128,10.4522588733659,4.20429786221653,-6.77693976091975,-1.69195641590607,-0.0544014654868994,-2.26353708199735,-1.06735810138866,-1.79337188329458,-2.43120490078411,0.142273336596713,-0.557251625750252,8.02865233863175,-3.55608580665378,-2.48198459691285,2.84829747141173,-0.13564486725018,-0.124303332680152,0.123572635826402,-3.4244712996643,2.28128459717962,-2.86173317494196,-2.06922499792474,-0.098751222781443,-1.47450029214268,-3.01912778328761,-0.642949166982213,1.49303690386829,0.182057099565069,0.257940788501137,0.596276190450653,2.15904976807487,0.68702967873889,-0.695832218999519,-0.407161855716635,-1.80441417846788e-13
A_16,-25.8352379899671,-3.7924382022279,-37.570126271882,7.15067623006164,-4.46987103858041,-5.70691367969045,-4.4885778218107,-7.0261872168285,-2.43300074424452,6.60764210057643,16.3556969974848,3.16738368228419,-4.30397746116493,0.412569777503819,6.24047668893782,3.08444950366098,1.94660931791022,1.17082903118366,-1.79979388323683,-10.2481721982932,2.29327280961514,3.44489390028097,-1.38268260428208,1.68386119233533,-2.73528214497383,3.32371362441195,-2.20569158744348,0.664817186181033,-0.76932182735637,4.49603636055204,2.36306393078078,1.52270597244976,2.46519793548291,-1.6798476997268,0.332362461253708,-2.71545660405942,-1.58791127110937,1.53398557625247,0.902009831850422,-1.18486401595355,-1.39527807062014,0.332370216922748,0.0963480754999443,1.34043581422014,-1.75568068703416,0.231226670815548,-0.591203044533644,3.37257882142561,0.808750801138547,1.29176003702655,2.02162040015153,1.44589214528911,-0.395265552043959,-2.2953286977768,-0.45842744942941,-1.27967246048688,1.14401273621185,-1.78322015073127e-13
A_17,17.7687297562986,-16.9588932520963,2.00994496213937,-5.64585265576908,-3.30419818980786,4.42455339217739,4.90773111582796,-3.92606412265648,-3.60425638109844,3.30079608060191,1.54252713635135,10.029292875082,-0.768377253272127,2.51062386494026,-6.02047453530909,-0.861482966151032,6.07544728271103,6.26680634711477,-0.0618401652158864,3.55913598346818,8.50771986938506,1.39657006017965,4.53864822968635,2.12563642965282,1.5608817689445,-1.96353019912266,0.616385509909811,-3.74668469411518,-2.6031400927117,-2.96494904441394,-4.9896737911919,6.49951267379428,4.22710201424364,2.44329537019774,1.41482129135277,-1.83964964661997,1.15349256619691,3.2141810952909,-1.17633035303108,1.91126513223984,2.45490306691624,-2.3991318386821,-6.31692223376317,3.75372041591538,-1.83848933207607,3.81347643083563,0.768100684269864,-3.4385739877589,2.72837153334238,-2.61777686694385,1.50153804565352,2.26558646631301,-0.168305243692426,0.106975025780943,-1.01554241106168,-1.86128486812638,3.05805983302207,-1.77283276475391e-13
A_18,11.8488216919306,-26.5888237322029,4.22067756910846,-8.35213756024433,-7.36486417919907,-6.7917454219564,0.228942574208368,-3.08238118832536,-5.17110025924722,1.45490151985095,3.14203432546245,2.00526578154937,-8.70007533742382,0.56548969107738,-4.00213376620752,0.732157133355862,-1.13168317248171,2.06634260581874,6.41876256007972,3.64864046934516,4.86207393972406,-0.777976611164791,3.16961013597976,-3.76992190102424,-0.723006056878199,3.37000635974918,0.434639843076418,4.30864239190015,2.4225832137078,-1.20508248295636,-0.221688426465611,-2.24756000532884,3.55566062019669,3.46990661134137,7.32520363949915,-3.26039977839505,-2.24871987551694,-3.20273622388442,-3.78008713042076,1.12824207473195,2.09696005451054,-3.80307206065448,7.15067736590814,1.95737989183041,5.00194822472478,-3.72009721223549,-1.39632353490734,2.67777096888067,-3.21116025752973,-0.427637472095513,0.139469379120357,1.26012304087339,-1.10449213688515,-1.25043648039358,0.988335509315089,1.88685055576981,-3.34254678201907,-1.77188017473324e-13
A_19,27.8760160016375,-0.760542951373172,-1.57068813162178,0.511871231953117,-8.33618958867699,5.17317163175762,2.51685191428809,4.04247111161938,-7.14693308110003,1.82193832943981,-0.452350815001653,1.20202613590194,6.00484270159349,-1.23996542485041,-4.18737339028374,-9.54984494313161,1.37251929106874,4.57267680812131,-0.254044022304933,-9.06858975315393,3.40430143839274,5.03357220953251,-2.12934435867011,3.10305363625623,0.397314232451028,-1.45756229089379,3.47323426274562,2.86954714750091,-2.34607880732604,-1.61785483344639,-0.362282323659476,-3.95545720058586,-4.68544013055942,-0.875712656141411,2.35308528743037,0.914375470651778,1.26590290015961,-8.78823546432762,1.55277473087551,-3.67947327895243,0.334579554523989,2.86492752389352,0.409492131241407,3.7035546681163,0.535910597858824,0.988466182366587,0.997728660234483,0.625352583739812,-1.88515264677656,2.13164796136547,1.92819296253285,0.173283759059432,3.297418006223,4.40373362420468,4.11803407140711,1.51024309054655,2.747968346923,-1.7391193772825e-13
A_20,31.8507701083687,17.8287818798567,-4.16090284617415,-2.35646996127218,-2.16397478786843,-0.403100006536531,-5.71047231805669,1.78438210928402,-5.11176768647766,2.10866661646823,-0.108381232690289,-10.0215599821955,-1.21373650248402,2.32677725370008,7.65579095806001,-11.0446009554892,-1.68037950683263,0.440513107519039,2.01171393002071,1.24190873560953,-4.71715673669429,-0.0072794352143631,-4.67771355435418,7.7446218396004,-2.135920281921,-3.08231674099263,3.23622582396059,-2.73646184245404,-0.0745339601829585,-0.0508376534040357,1.38237501648246,2.88704501939822,2.81383833031867,3.61278784426771,-4.94099395526903,-5.49032980769119,5.81369475341689,-0.10168368855759,-3.9610827108128,4.45269093525131,-0.614326022423357,-4.46842636890729,-2.22409099618036,0.534323454755323,1.95971937155109,-0.762663527400416,-3.24593472637322,1.72929775057095,-2.48194637376255,-0.620538142475864,-2.03437677276651,3.1629195946858,0.494205565571861,0.0442792389379501,-0.860917057954363,1.54652524711,-0.65231333147557,-1.82714203881289e-13
A_21,-25.1783062317696,15.9251468306826,2.19809234311097,-1.24955779627533,-4.1005900205054,-10.0863294772657,6.62621691212016,-5.28297601589892,-2.32288328388813,-9.72436429519236,-8.24440801615897,-1.71133892568375,-6.21397089677738,-0.579108142970303,-3.10584932071878,3.52497466277748,-1.24434016649885,-3.14838140737435,-2.82253953860647,5.90914897840963,3.19589114656053,5.06649510710198,-4.96503351733769,-0.00877597786135532,-6.43314164204049,0.598664109377926,-0.212566376788771,-1.6744911080767,0.931742057404568,0.125988361179609,-2.2574752191566,-3.05413392525747,-2.94837664603826,-0.507123781120951,1.69475531408356,-0.533044666948623,2.59643959585285,-0.905484839691903,2.98896016195497,2.0313837187494,-5.09396175926338,-5.04797844377631,-3.1218539414726,3.18514854368708,-0.363257419483708,1.83810860781301,-3.39528590117439,5.64086193321737,2.38191662728301,2.9020463233176,1.98688657564529,-3.6433485892236,-3.02803956152103,0.380202633912539,0.660218146201775,0.53235199111939,3.90514119102701,-1.82353880926763e-13
A_22,-23.748275421604,14.0499240691238,-8.71434236473032,3.00489568490023,-7.45938684540414,-6.60251791997942,-2.59649861197532,-3.14356876772426,5.32129650773542,16.8302734341863,-5.17949196884019,-3.20933982999714,8.01476300365209,0.346270655209091,2.7237303998703,1.71333323171138,13.088299136942,4.68822279935372,3.20913727708212,6.50191553764038,-3.12551630140929,-4.24837864857527,-1.91751191134074,-3.42237658724027,-8.02624951769907,-1.87307345201276,-0.064879965125753,2.46671808619919,-0.844518497263953,-0.408214145027311,0.171160225104263,-2.35176115756827,-5.28567511923057,3.82746515712999,0.534159652399541,2.01879525478565,-2.56736568787123,-2.55605346126636,0.253550707156788,2.14149847649148,2.6554750906121,-0.563876992228184,-0.67465714941236,-1.64257150763663,1.61734674525176,0.650806143573169,2.8830379799057,0.326301653925839,-0.147633237683931,-2.73854542644567,0.0818220511925527,0.102281484119889,-1.1264627119016,0.933587889563616,-1.64656412678406,-0.556332457733033,1.48524430958423,-1.81646544136996e-13
A_23,19.5970243524646,-5.12371521002795,-6.37243354268163,-5.32379191252483,0.0504649064930351,2.20973226542851,-12.6365348447561,0.650743968478299,-2.89784723096513,-3.33157869154818,-5.00858083951463,-7.07915643697838,1.32173561404303,0.0600247586716645,2.46867683144333,10.2037663733623,0.476517494276294,2.36052322416423,-2.85903003565098,0.755917405753709,0.711771192557163,-2.7154677860654,-2.83654863913953,-1.00194174052651,1.01166650007285,5.41053164071487,0.625093563277325,0.900829044206239,5.87381524845997,0.688851835265975,-5.15876085359874,6.1508567008055,-3.23620329921807,-0.237306592592541,0.615174313112512,-5.29453788479156,1.50565767394802,-0.0432661856674455,-0.644360567141786,-0.866194702718905,2.45809542956761,0.974433673936587,-0.589974705068436,-0.996984474452498,-0.440321522795734,3.8099113495038,5.21459843829515,-3.40765661014024,-3.04637787981848,6.68689850772777,-0.877133208126951,0.615184009296483,-2.14429053745082,-0.691603634246384,4.46307953888,2.52521198421619,0.506822701051098,-1.7929677408797e-13
A_24,-12.0620376851281,47.9850343235037,-8.23585647068843,-1.79891212692109,-11.9220837446548,-8.99685352371345,0.0513585591730038,-0.918032468247956,5.50685687645051,-0.185460065036387,8.53404184251172,-2.90637483782855,4.43164052391861,0.562455289770731,-3.77399112121842,-0.622543167751826,-14.2948945652435,2.21458564559916,2.52106027322649,-1.89663257250153,-4.11288994882617,-2.2921974268705,7.27725216674714,-2.37644614480391,-2.06200188324943,-3.40337886461403,7.07762184770609,-0.241560316760379,3.84389557917457,-1.83801050104225,-7.09362263685626,2.09647036196876,2.25291075885835,-1.4958251692352,2.26404708492248,2.37506894272841,-2.5622711215904,0.311761046250723,0.677125666097354,0.289000122236495,-1.52408775723413,-0.26979908866177,-1.81806312327089,-1.36132807565586,3.5997378622561,1.94378979788429,1.04231025372587,-1.56777876783601,0.805488838876171,0.0609968810368353,0.0237262839095321,-1.38786858168483,1.48175308670813,1.17044206127037,-0.753150959850991,-0.41408194927345,0.364656570883381,-1.79958998138337e-13
A_25,-23.5620271687598,12.0726131570983,4.92513263422658,-11.8893110354674,-6.36764433195075,3.85322909757202,-0.139300964665936,10.4710028671104,7.89546211625045,4.01350073614146,3.61071018960075,-1.22207926744656,-1.76338902917932,-1.32563560675792,-1.92664863103765,5.35710407088139,-1.23867191715517,2.96365111995323,-6.06469888343764,0.588391479309881,2.35157322573034,-4.50491432789563,3.29423728326834,0.919205640071717,-2.80116565100799,4.2239166536856,0.29078645789029,-3.46928213699471,-10.7382835356426,1.98754084851625,2.17780010806257,-4.53915912338018,4.6923948608401,-0.393239759084548,-3.88374056011132,0.697155580886259,0.680629414274309,-2.09553226708885,-0.617471209130874,5.40590007690224,-0.623269378012775,1.5570805809963,1.47004419214047,-2.44734593883714,-0.078231133542866,-0.55527757381836,-4.34165949252709,-3.92854632503736,-0.363626058223568,1.90462303519485,0.906554738189751,0.82166992400104,-1.23644221694695,-0.0487518775258857,5.03488689706108,2.44280306552236,1.73153554379585,-1.7852437309843e-13
A_26,30.3387132890033,14.0627763192469,2.18383753419737,-1.08892323400752,-3.00972133404304,8.23342264042654,6.17691816064138,-4.10311826795027,1.59586881159796,10.7982769782201,-2.65367642060584,0.365790108356361,7.12507812499605,-2.72901784453278,-2.05449877023294,2.74301719641362,0.426543434751045,-5.19467049021198,0.250633243441104,-1.77821807200555,0.140919161392849,5.4870656131163,6.05443743102086,-1.7953661486619,1.87077250390242,2.54179040985728,-4.71792776144392,-3.86459133317674,-4.4533645418222,3.60756920529883,-4.09301654970406,0.895494514501665,-3.97222600877673,-3.5798386749713,-1.41983328043775,-2.58088533458899,2.42590684768343,1.48440458176903,-1.90758358952719,0.893263260570079,-2.91635222159868,-3.09328361597201,-1.861629948944,1.05449018819558,2.25516375096715,-7.45334539749699,2.92498090204303,0.754200527501561,-3.44121883566866,2.90845462644514,2.19848753432706,-3.26484000553119,1.43571831357434,-1.47867528172962,-3.6311112941548,1.85051233567026,-2.29156445134403,-1.76345990860857e-13
A_27,24.1898520219524,-2.32968893487563,5.06103466733137,-3.22791953906431,-2.87319658582753,-8.17650418645534,-2.83316287276172,5.6166532932328,4.98788634743506,4.44924229633432,-6.76486528921253,-4.37860929234835,-1.21340941514797,-1.18491042636425,2.56245402578082,-1.42780023737207,-4.6740699973758,-1.96057071223119,-0.192796950487441,-1.23976585307917,4.32281896942009,2.57103331108207,3.9031460311551,1.60780821778418,-0.089116151875673,-4.34564255576279,-8.07176770067313,-0.901755614539119,3.60352673021234,5.91362847523897,-2.11560820639874,-6.89909563335721,3.85284875658539,-0.73782974124462,-0.208968587100999,-2.07326072588021,0.564048868237029,3.39858915765254,-3.67685983242925,-0.838525890872851,7.55637512476315,5.27892821899131,0.383235908600954,-0.140474147476359,-0.794605875021127,2.68758578648286,2.01627595099201,4.44519655677329,1.81346281378247,-1.86202310464764,-2.32634003831698,-2.02246550997764,1.24140568215612,-0.590786015154365,0.0037111034628653,0.429153479812111,4.30293514383844,-1.79301577523336e-13
A_28,14.4193862902825,-18.9727432156439,-10.683099587915,5.75766480303065,-9.84765290239252,-2.64203372262571,-0.250069876123767,10.4307937624755,-6.92555950553862,-5.34515521251922,1.88475007529288,1.27730943143811,3.02140174325567,-8.30579623031192,-10.6029714627165,0.203510522136018,5.39534039555551,0.168113829725357,-6.57474470427027,2.34777422543516,-4.86495239093067,2.65935304222011,3.64598750409255,-6.58129607121338,-3.48292667079945,-5.69187797660309,3.88688388353235,-2.58479088535836,3.76890508940452,-1.01500386825043,3.7568162961532,-3.80048547151913,-0.258370346400058,-0.377228849103555,-1.56436120220699,-5.31332918944261,4.21886823928214,2.49871547863245,0.800118347755096,-2.53326110391139,1.48613556746282,-0.195475135950229,0.268490143273188,-4.09548336609222,-2.01656436917533,0.363468199010148,-2.69873488975924,-1.06876851149258,-1.66301973080152,0.780165780528051,0.364133608837321,0.282856387978722,1.12563023465201,-3.42324782858964,-0.813522846692922,-2.34524080010985,-1.94274820986343,-1.80418495949447e-13
A_29,13.5389130704677,-28.0660426738242,1.77665244217636,-2.34955603734962,-9.36299361818477,-7.73634373044333,1.35387606637177,5.18696280079577,4.55480004945251,-1.8386643746555,1.48721689805005,-1.35956561610399,2.31194781420293,-6.93542391870946,1.65373348162091,1.16806310555178,0.172038909908648,-3.73291363740719,-6.63699597954582,3.64063408935234,-0.0113806352689336,-2.21069655432511,-1.20846885513543,-0.64384984846923,7.15145286094855,-6.24086363773343,-0.993358680873291,5.28665605023995,2.8926356311145,9.13251821489718,0.260355513902923,4.30483054988399,0.68706012436954,-0.310724641322763,1.09411471387727,1.07404771020686,-2.22839459904537,-7.2965662678957,0.515070340740177,5.26092113380467,-5.97039228041188,1.7497838771186,-2.70929251316574,2.35284524443979,-1.55946664232235,-1.26736015872759,0.956475778957309,-0.488165756424929,2.00233285693846,-2.25215126542282,0.978965010911577,3.15467410123555,-0.603293513411951,0.483936005596138,-1.20629453810843,0.574340492070547,-1.36209879008223,-1.77767185742818e-13
A_30,-22.413197321404,3.39885688824961,0.478345999633657,-2.85912882946773,1.75959890531445,-7.19470705830966,-5.91758024488478,8.54828882731537,-6.06244568073884,1.63961117028008,-4.98476515364532,4.06338252788451,6.18215552982881,-0.49057203594326,-4.36150472338062,5.73582914079947,-3.36925783962013,-9.96190728483511,8.32753895569433,3.44835937657973,-0.083047453415888,6.84681905228354,-3.05317530601292,1.63069754559982,2.02347779617249,5.70766399612123,8.27340865642135,3.20919558270589,-6.93670898734061,1.32363941434274,2.97581294698602,2.6057450917829,2.45397093288383,-0.0381160122693174,-0.746954593115595,-1.42492087344406,-0.110399323720939,-1.66194472964392,-1.94775145204763,-0.479778501174664,1.6692055567453,-0.128834731885646,1.87282897951864,-1.96483411278241,-2.26977576818759,1.28136037774554,2.91926374876561,1.40481484157742,2.80164573653545,0.850286330691917,-2.11696745087356,2.22034119482349,2.85029619849869,0.476918948862884,-3.2090692071136,-1.84995819943466,1.98041715647535,-1.81530738634122e-13
A_31,-34.3069854026002,-49.7570106654481,0.365970567285338,-10.2733608914668,-11.1975412232553,2.96730943025917,9.23633543884143,3.9879399330218,4.88926719463567,-7.29327151806724,-1.2677495250051,10.2745081677822,9.943648657566,1.70942158547557,14.9057220612783,-2.22647504934651,-0.192010815704783,-2.20589672226856,5.03676224817552,-3.83325997836956,-0.344943766612084,2.01527984374363,-1.79140321163991,-7.06837750670266,-1.58680913244576,1.31815385259358,1.34768328921574,0.141228727711798,2.68396578577914,-4.90537526928588,-2.95148382508947,-0.221325715703467,2.04260229270117,0.132153160196005,-3.60037847291938,0.0939802508090807,2.39997976110786,1.53288928563657,-0.0937155455795492,3.20103591225958,-0.521487214805315,2.01915039339937,-1.07101617510074,-0.676840884308419,0.790224296390477,-0.839568371348098,-0.535139767719151,0.992572950885635,-1.61908794316089,0.241277543763016,-0.865726100691012,-1.84315603509107,-0.407798211648681,0.185833971934411,0.893235503009857,0.380974380817563,0.53714526544249,-1.80130232123109e-13
A_32,18.8258114835882,-22.4318795750338,5.95268873093323,-2.96866643178433,-1.74918426626202,-14.0525209282093,-7.60986725254525,-6.68738222560625,4.66676878808439,-0.0248238481917685,5.5946482013872,3.65310921991627,3.15951449359054,3.02333232176248,4.7515335484547,-1.80477123508449,-1.86113643715976,-0.788402778223106,-3.30443386716741,7.20546206667691,-0.22256683776755,-1.06223586431078,3.5594198446381,4.33796325921535,2.97669970556713,-0.216703818796409,-0.0930751609002208,-4.13198286163135,0.406014112098671,-2.3659097646149,1.38497803366375,-0.229425995861203,-4.03156918073064,-2.15646080875604,-3.82254954748229,3.56690332542516,-1.06858928714314,-0.482411578580332,8.8871632837891,-1.42852757465869,7.13311077820839,-3.40147296366121,2.16092624450264,1.45803600532877,0.199520806719785,-3.27185233996994,-1.59058010470404,0.705274911238699,2.15758782600816,5.62050831187274,0.232608708425563,2.88519495641739,2.56406647587955,-0.339299302726497,-0.344471930114784,0.299846683844387,0.354616213350663,-1.77158570459976e-13
A_33,-34.4630762357102,-26.4392623191003,-1.53524719293823,-7.24068614552889,-7.1151966831048,-7.53057288522422,7.8362179273316,3.33547105080369,-4.17025616214068,1.82411758027175,-1.72614837018885,-9.15895129976345,-1.85456968779146,-3.16413346526255,-2.24258353798359,-7.7128118654702,-2.2182694495624,-4.28900384242308,1.23683488359132,-2.04366661266742,3.54939025500994,-6.90613871165105,0.733151591398903,1.76087072480199,-2.42229220078453,8.26791351990178,-2.30278165477995,-8.4357244083303,1.62184160234496,1.64755772408693,5.22483207220101,3.82847185667461,-2.89601227767798,-3.07779380048822,0.85069349440765,2.20665117831857,1.56404783054487,-0.751610324258815,1.46474814914398,-2.19871390949914,0.0429623645767871,-1.88887385177821,0.788435511924126,1.63233201352543,-0.753840502688011,3.83456124251788,3.12154233270049,-3.33383081322397,-1.73689041357366,-4.54893837688096,-0.531722831686477,-2.88549997790967,0.961031779463136,0.200286543796297,-0.906582351417815,-1.12543845821654,-1.93883633867821,-1.78034923975848e-13
A_34,24.886526436686,-13.5002220836777,5.73921012087827,-6.25506439353134,-2.30936029150438,1.18568081534163,-3.69283169642956,-3.53288464336305,8.08720314350032,-2.35240446069978,4.26597824791551,2.42016427116964,2.08043451854208,-0.293538510753096,1.20027519318644,-0.455342444773014,2.68844741701135,-3.23779991155864,-5.92259749229384,2.91223361313156,-1.19913971957041,3.04022155460139,1.21282023868163,3.42311760247808,-5.68779437620882,-1.14708347023315,3.97283051081033,7.54483464034151,-4.68547183610311,2.56104209323103,0.472008226246579,1.35907005462939,-2.87477539762419,-2.67410313991866,-2.50633754440465,1.74203197751853,-3.14878629914469,6.73357994555011,-3.96447952452222,-6.48873132067739,-2.8521296418885,-2.16820850473859,1.79207610872428,4.68653917717839,2.88177886394958,4.15197836289654,-0.751332112033624,-0.646483154983148,-0.780320889419118,-3.06107624090204,-4.8366760666266,-2.43460671638585,-0.660761438299545,-0.197889490896237,2.73834881436993,1.18589064141481,-1.79728423809101,-1.79551609442484e-13
A_35,-8.22086466825857,8.37051246165572,5.34505289221163,6.16461017012513,4.83158486741486,-5.11507073026166,-7.4493057746871,1.48751894555082,-1.58108122128597,1.95035826550846,0.602804206546796,10.3486636940289,1.66234931012827,-14.756117885178,-1.91971815961849,-2.45143423728318,-2.68721466570826,-3.57500129368842,-0.349736382260847,0.739792304175845,-0.582556290496466,-8.97711536035451,-2.77544120247238,4.76331195561135,-1.99490668895113,2.73411756628191,-5.40009468898724,1.2660572973087,-0.606542699782464,-8.87337056723148,-2.40413233525416,0.0311297629960303,-1.01807286471047,-2.91102592384235,-1.26327304302864,-7.71115419995278,-2.26098588177749,0.618317574981427,-0.745403361236755,-1.70184351997742,-1.562115015324,4.13747674504846,-2.00553560886911,0.539822815176732,2.52634501125893,-1.71183253065141,-0.72649397043668,1.39796858723806,2.23624292090233,-1.67621304382327,1.28232900768363,1.33175230307066,-1.98632240480182,2.03783336346204,-0.0894414022208031,0.907410360666875,-0.53769701970586,-1.80335394775691e-13
B_36,-26.0646986847296,-24.9355875404325,-4.82386608108789,18.6527527016518,-8.79443060110194,13.1567911399572,-1.95008405114977,-3.6476726408979,11.4429982058567,-3.45854272230337,-2.05987542580984,-1.7226776466323,-10.7262108077764,-14.7333371095322,0.509095935214558,-0.823713109136479,-2.1595695887713,3.40337852827128,4.97272166804693,3.51376311971938,-2.79383272796549,7.81656635873817,1.25451685811971,4.4039449602496,2.07195510751877,2.6253995986022,-0.542774848817786,-3.07703366587446,0.573648119960313,-0.360785682207293,-1.40386507361977,-1.18071387381745,-1.28014147978385,3.92086134874941,-1.13831023084807,5.1377711065951,-3.06339311878073,-0.852648466309496,-3.13114888773557,-0.842058079393617,0.534471916741581,-1.22897834658082,-1.87953209589667,-2.24602094159283,0.571703906184373,0.806509585961898,0.727864054831131,-1.15326122975443,-1.22620298081974,1.81274490762086,-1.62593197792809,1.97234208127735,0.820198524211632,0.6324180393665,-0.243178077715066,0.414977463806777,0.532271832156079,-1.81248450729699e-13
B_37,-30.1382971177655,-6.55018154653722,-0.0391597547042885,3.33609799504177,3.15668143450025,8.3746636652921,-3.71246950423129,1.36128379714954,1.81971759646436,6.62437390828413,2.75992746137773,-5.57376795142148,3.84070714176788,1.63089922129771,0.65111025879144,0.988731979712407,-1.94450960196275,-1.97261278858507,-1.9852226521931,-0.0271207393361187,0.598184811815078,2.4640937202462,-0.326743791543626,2.33962623681066,4.45073052024514,-3.1202398405871,3.32976409667662,-3.98502475646477,-1.13069969787971,-3.43512746773437,-0.430572004711112,-0.659557363050587,0.0198173205582544,6.014773834757,2.19008307982361,-2.02531364833729,1.88755312967964,-4.32187660049543,1.284122542268,-1.91555260580662,1.29508639275878,2.23596481003832,-0.611724553955072,3.70882114756325,1.23354835601031,-1.89187969519904,0.740712572929532,0.948016215342703,6.96889730911739,-0.456165159092877,-3.22073366861247,-5.76556161480724,-4.75597061739166,-5.43227932546442,3.1222188681738,-2.51823616491931,-4.25276668312233,-1.77595882412389e-13
B_38,-10.1779274629624,-20.7411530748693,-16.2997129063606,-1.58526952996795,12.6706696047431,0.223195789050343,-0.213052052134928,-6.35172294900012,2.99703012410609,-6.68564588585773,1.03416996787347,-6.62702972419274,4.19267890859204,3.76548260335403,-7.74738071953298,-5.45418054090846,3.89317600054422,-2.17754627131006,0.767871835569166,2.527828476501,-4.09837957006511,-1.31655942682106,7.19219361741394,0.0940333152665379,-1.79525666593834,-0.274835288655499,-6.01088358649126,1.80919461143351,-2.4044724658079,-4.12762092457198,-1.14249984581935,0.279531186974573,4.08516799282925,2.14779987438464,-0.0147372038857843,3.06659102483018,5.9636586357868,-0.0047001417107488,0.377313556817816,0.788924586711231,-5.98451748612367,3.63262553833674,4.45461403085444,0.611259833609772,-0.269866019853543,1.21462734680521,4.53372897911873,2.10298362577107,2.11375577295757,2.92928673630344,-1.74319933340085,2.87151399799472,-0.319405728346222,0.429580673015365,-0.871974455022927,3.21173983604344,1.26902115010942,-1.79383620428142e-13
B_39,16.5587420133582,-20.8785988103259,6.02013985099051,7.65283814551715,3.16364466558962,-8.43309050632561,0.03271987060706,7.46868939655137,-0.408957069389633,-1.76827690079761,3.29128281925061,-2.32809555347651,-0.4123780555345,6.37525222526314,-5.81024883218199,-3.08175515777589,2.03188799522258,4.56875607191172,2.31204387895996,-3.99730395347632,-5.97563206123777,1.62110077679585,0.577542539742924,-1.18148390005002,3.02595289756632,5.18679422105733,0.73212078823784,-1.17545781755224,-0.478018174876905,2.0940797094283,-1.43458514010652,1.44312285528863,-3.00714045641521,-3.94014571154768,2.02437403450477,0.471733229628002,-1.54988333683104,2.14910028787441,0.486163513883933,-0.0759037715826159,-0.423784460462026,-1.48260184135123,-3.59918928522557,-4.19052753672271,-0.117002094839221,-7.02540734207108,-0.342809857273692,1.61324688460306,0.902897156206999,-3.74734292960968,-5.26532722191069,1.11793444196296,-6.6475371134144,1.15198458360117,2.9881553610762,-0.179896005408442,4.72779782530189,-1.80503165118994e-13
B_40,18.0958239227389,-19.036696731182,-4.46052121883912,1.08044909403391,-1.33515628945181,2.10227430573905,2.12317309986157,4.00184162978891,-3.90952491871523,-8.66128425543558,-0.52697424496249,-8.29535360436866,-2.59007045224718,-1.25791440851841,-0.173532795402192,-1.19912544722063,-0.230904027380464,6.36099927007923,1.80706271667953,-1.20500989773242,-1.83126912470074,-4.63826641883142,-2.79636641545868,-3.03706885566484,1.22847155808756,1.15678448287838,-0.742615976209053,3.68283410328291,-10.4424057211176,2.73680827873193,-4.90120424059235,3.53561677019217,-2.33945039749182,1.54465683192912,0.369894923586375,0.655079869411277,-0.968393136035,3.79372722564644,2.29153548442138,1.30268091791526,4.91239528476252,1.9750429378401,-0.816744252789047,-2.41377753693636,1.00506957579359,1.80825262258124,-2.67865767999181,5.12219545834907,3.93840547641188,0.698475395776317,3.90912216835853,-3.45989445428526,2.26139263259746,1.9355794788957,-2.09429570248959,-0.234087002626482,-4.76614666933317,-1.76385789802496e-13
B_41,-24.5576208494699,13.0668104669746,21.209864990148,-4.423212170479,5.50645558679859,0.53192753476026,1.45621832320198,6.38388951969848,-10.1001557130758,-1.97235960735403,9.46739191909233,-2.05460712212605,-0.889770080754618,-5.596060974288,3.66680354138063,6.97485439020468,5.1475471105813,6.28731765007167,9.62315548649623,1.80070751815588,-0.633414619725845,2.40020506241008,-1.91008398187627,2.27180633017305,-3.43932777179333,-8.3276169940962,-2.45868381656569,-5.2664855859639,0.101835139843098,3.0644246600613,-4.43752298406851,3.63161698475784,1.8684166178033,-4.32148470434501,-2.13807398228727,2.29202350130057,1.76544027819916,-1.30804534668731,2.18458489358301,-4.30152349006151,-2.03338137956747,1.48556017861534,5.33835686437817,0.874647750451598,-0.419856314270648,-0.70876259518206,0.733275876189952,0.921342175961511,-1.46816551027636,-0.617885536318625,-0.144369912272997,0.867058602566092,-0.815149256460153,0.101022955803694,0.25675586597399,-0.616934703156821,-0.299440455004498,-1.79921255819142e-13
B_42,-24.1577263762338,-4.82778868428341,1.86413426557582,-5.82915381871494,14.5288468141218,5.16856740313197,3.1748083209921,-5.1439790951861,6.68742643834199,6.35166023205418,-4.60205936836293,-2.56803321877306,-2.15559494421992,-3.20767229315676,-4.37863355724157,-2.7428655906494,4.80691282663525,-0.106628524633165,1.74937861039155,-4.5723295410948,-2.01106424885973,-2.38234978033672,-1.26621308236541,-1.99892586793644,-2.33441967808916,-0.0855957781509348,3.5247712242804,3.13235161917847,5.15958296173505,1.72393846447618,-0.632362973640642,-0.982377659275067,4.4639025801869,-10.0354169878681,-0.182214081912685,1.92626616555782,1.07469203265991,-1.28355414818645,-3.68838522246712,2.08357672139317,4.48110761211728,-2.11188606436653,-2.71807058806751,3.22786811800197,-1.32718049878315,-0.669878508061605,-3.27469040209234,-0.153618635915079,3.19776506125145,5.67955795481242,-1.8171516146227,1.18904019489682,0.0826934368357078,2.48323917067996,0.308817145003212,-2.98958166036821,-3.38535332806086,-1.80341362868406e-13
B_43,-27.6148555860411,-7.5142598800715,5.56956831539378,7.64787088530536,6.68573837161964,-2.73132758631094,0.619072034291123,2.4797979142572,-6.42031481308493,9.19013693936008,-6.39278418095603,-0.83169014016367,-0.245734298137205,1.73108640906123,3.25913522327344,-3.23355885122678,-0.842207490629526,4.16074881858174,-8.13682037349635,0.92170407703299,-1.26826108097231,-1.87718756830211,-0.176686730925129,-6.11655804613851,5.92425643730994,0.557565161722787,1.7540526624372,-3.59379904776894,1.2751030275841,-0.0802089492951603,-3.10577163872211,-1.16505171133574,2.62089715583962,2.85141221799548,-4.02803818175123,-1.62805928135457,-5.10313801424153,3.33980107340293,-3.06000982713108,-2.94036844628952,-6.01189959634789,-5.21623615571667,4.72142133573146,0.0209998350827844,-1.71256744781952,0.126469978374724,2.25764398955307,2.74918234880205,2.04465744724433,0.628633741774617,2.07425210902472,0.435811878719825,4.2184005540996,3.43299645569607,3.55893029209776,-1.72974564878687,0.546298668034574,-1.75890126475944e-13
B_44,-30.1272525074627,-9.92908915583543,0.970291020473341,3.40317526132854,2.80426023559053,10.1752732659336,0.835100826681571,0.141150318628466,7.45322466549982,4.36350365238438,-5.39706800820919,-2.30144554670343,-0.210333199907566,3.99715544481917,-0.38032032412331,1.39988795137727,-4.56003576511132,0.37973743287121,-8.20841380530081,3.3950358699885,-0.721257361133748,2.49651800289194,-2.99933503266935,2.53973933979333,-3.59517527373465,1.18092499587784,6.3761302814571,-1.59820637979267,2.77238755112027,0.605254737728874,-1.38581579798293,3.68383396956111,-1.12986414821699,-0.967404870106413,6.19050666355749,0.127914560610793,3.55660844243926,4.49730781509253,1.23193238090998,-0.897544550275374,1.9382122992857,6.90016867570615,4.10882572704482,2.18410752224926,-0.786514825473745,-4.62251560329843,-2.63606795757309,1.00788614093266,-2.46748350426927,-4.170159434914,4.7045141197337,3.60805461127194,0.363606909732557,1.53972788262025,-2.45268170137888,1.45482204437139,1.09585825398308,-1.80128699030838e-13
B_45,20.7044842406717,-11.0615875566141,11.8123420243446,7.66418645266361,5.52542623725828,-9.38995594423783,-0.603645001382538,0.371949172296948,9.61748362807485,2.58501373172819,6.77641975796795,-4.71701965635733,-2.91349409728214,3.6047112822327,-1.44296350666549,2.3552043400025,0.716427242786208,1.2035843446011,3.9897648402725,-4.63408264414271,-0.567161985104235,0.816141490287385,-4.15252330703816,-5.10237307792043,1.71181030722811,0.224616569341422,0.218226332638359,-2.97187618275227,-0.514357276263467,-3.88264632499102,-1.67524936959852,-2.04653206674782,-5.19410652237318,1.27961589957614,0.151802716064583,-4.1811228939752,-2.26502494411492,-0.538153951322386,-2.43839096818688,2.44707932804141,-3.02156970528681,2.65087140581362,2.73035618268211,4.5422256425681,-4.83052009795036,3.16739444056682,-5.16400629597987,-5.10284479453245,0.392583230189682,1.22467576199257,-2.68773433788929,-1.33193733509213,2.76217890135714,-1.156165930125,-5.36543450152142,2.7381994986941,1.33367025678547,-1.78631427543772e-13
B_46,-26.1905332607044,2.91258078223355,19.2508520855897,2.40184051236514,7.24003260066375,2.37844814747709,-0.482832893278896,-5.95137509513741,-12.3287424505689,-3.1022866133393,6.4803188493478,-3.20511393963516,-1.85034806969622,-2.79930952214637,0.628198565119207,5.78019133356434,-0.995517868434113,-1.46953796397133,-4.96736633529937,-6.12342114750128,-0.5958643348562,2.72918091614272,8.46505187741318,1.37625620776604,-4.99716481257574,0.786845696629591,-0.792903411364245,5.62677198970227,3.29725121148929,-2.09345690529292,3.24135110878276,2.22805172682248,-4.89000969869882,4.99467557822266,-2.70500084152078,0.157381328784041,0.486421855008532,0.279602884112027,-0.281378330596043,8.06206789393962,2.90191794000666,0.0644473749335843,-0.915177006172645,0.332922592576009,-2.01569549515114,-2.17507074761145,1.42703809956742,0.568703320680566,0.412228710946313,-2.61191123367182,-1.70747969863556,-1.26770530439364,3.7432772921336,2.79900613163003,1.38010733745139,-1.04069091232021,0.456557072552586,-1.80433114762886e-13
B_47,-21.9697687495855,10.4032003012736,19.5976446335343,25.5415179501916,-12.981299808434,11.684617157964,-24.5965390401032,-1.54299543996858,-4.84380301649552,-2.58635204069163,3.53453738412933,2.02146032645647,2.93026364079736,8.06158848390415,-0.608137636795371,-5.39561234625787,0.473350650098089,-3.08197018559687,2.42310152253353,3.48985585277522,3.21832025579959,-3.11686044332159,0.3684280166051,-6.31069180430699,0.019516782524214,1.68486141163621,-2.91255946182781,1.08936437222742,-0.012648395881774,3.16581543242668,1.80466397825998,-0.461980422408943,2.63881905160347,-3.57287846824175,1.29126595138827,2.02029543223819,2.60315449296604,0.331876962449719,0.324584933490444,1.1479686687025,-0.816494472558029,0.14113078572385,-1.95115922971548,1.74222632423865,0.0867545414982436,1.98677817956633,-1.01897526018649,0.290055912746294,-1.19767178431128,0.511428982807479,1.05309252875232,-0.729055917479582,0.265488464495034,-0.696271373500839,0.0918155722843332,0.0665812222937733,-0.271809713872821,-1.81402614077866e-13
B_48,-6.65888377243694,-7.52188097123508,-21.1891130725786,3.43141329652867,15.3379481576309,4.38289577874045,-5.51082930747897,1.30622725441654,1.39126266448494,-8.45528830987474,1.16093073802052,-2.17099103135452,10.3818340408011,2.40172439811343,-4.73145352122999,5.53697697492992,-2.01619446530484,0.477149688995114,1.76210116109147,1.45773624981881,-0.016509874325639,2.42768515063953,-1.62261941819089,2.53686259766906,4.96796801858936,-0.12644208423548,-2.68979768749249,-0.462494201203358,2.02073433708302,-0.0611761580198447,-1.60129470456884,-4.80671169014669,0.981928713545438,-2.28930895275063,-5.19322665213603,-0.46611279981531,-2.47677807967374,-2.29945324613245,0.164545329452791,3.11872926957451,3.41695039941126,-5.02208837599563,2.06360684141333,3.06895446639671,2.03110903289873,1.81021961274212,-1.816168349938,-1.78325509765523,-3.73505128895105,-6.81420859192312,4.15645789639504,-2.06541823258782,-1.76880902323253,2.47504455759235,-0.120032316040397,-0.451351499074462,-0.0101681753432112,-1.80103817640403e-13
B_49,-21.345428465975,-15.1394065456158,-6.79705263451104,-4.03739774172103,15.2377611903132,-2.79843750664799,-2.15535329958091,-2.66293120616619,-0.0922996099698641,2.3491310259188,-0.288750782109709,3.0319985527399,3.9409413708866,3.03034584352859,-5.32823436662228,0.279294175089792,-3.50692927639056,-1.56855056132032,5.43659461317567,1.91836910785404,5.81042467285807,-0.0612453129827019,-4.46480010726646,-0.164611891609906,-3.49487728476984,-4.14984558233003,-2.85083679473111,-1.59483289579848,1.17801420328183,5.627340576602,1.138923336517,-0.673387640851789,0.0556252256230301,6.01912891405471,2.1527629928293,-0.550442711544214,-2.0906104002867,2.86868022382307,3.59795551557701,-2.55176283382507,-2.56376549584338,1.56031627458459,-6.81089310024811,-3.42336794428867,1.1396519204357,-2.77129270947044,-3.22210283844236,-2.60253178477595,-2.23984528626841,1.09305518626602,-3.06583662643067,0.132493807403638,5.40943001489359,1.89270757769952,3.64926253088877,2.35131111639903,-2.68650778244959,-1.79325197421834e-13
B_50,-29.5606543623875,-10.4773024765685,13.0983529216755,-8.3545871410934,7.93120364307427,4.0133777010711,4.44693596663379,4.76810309396898,-8.23494072042769,1.41203329085339,5.11086532129443,-2.96475213052695,7.82537085433882,1.52941305858807,1.37125274673617,0.26112440085933,-1.97043026767951,4.22605683232744,-1.96001411522764,-1.50719928212342,2.50214301258154,-1.03241325338409,1.57588355919687,3.48455289261289,3.62076836467381,-0.132948953148335,0.626216347121555,1.63976958980006,3.01974527296159,0.0815355003122333,5.35380696413749,-3.80373889028933,-3.8726213034694,0.910021723558284,1.68258957015039,2.91672658980504,-2.22322031912293,2.4932451405363,-5.17919419614226,-2.37151566927771,-1.43529688340364,-0.71453291322989,-3.66574245759446,-3.19826155988886,4.58257788851114,4.02181660674426,-1.40830009322665,1.482626977153,0.759596007310325,4.11108107395278,3.69192412034542,2.82998184417879,-3.75333446623047,-3.02095475205775,-5.28664886789934,2.44049391388654,1.10543526428584,-1.78071210820637e-13
B_51,18.6747626749836,-11.7365506713892,9.80173744369891,3.88590059590155,7.46789237347094,-6.4120546213646,0.638478968127685,0.0781562738448971,12.5366271757998,-2.11009676588004,1.96615868000423,-1.57625741964884,-4.25631436335638,1.16115891630049,-1.88720444447554,1.68274333647693,2.75925322113801,-0.349385265626242,2.03105155544602,-1.85102171400466,-1.24008999252865,-2.29767541778091,-4.89477239024608,2.52369746396536,0.766139932855972,-1.25809284549396,0.597054498234192,2.23134378531768,0.152052951998707,-2.389552974513,3.06149464218815,1.97221753451715,1.05211458276591,-1.16011443091517,0.665162760896842,0.897714415427258,3.1862279538284,0.34317732154412,-1.8327454008192,1.32604098980734,-1.83992107272031,0.067124285967111,-0.750657846680509,-1.98485499469546,6.54147556903358,-1.19722772394086,3.32764324738602,-0.508196773569212,-1.03945417260673,-0.0961483606518196,6.242393436806,-2.49330950471911,5.86030906120867,-6.15786805836209,3.32771637138815,-5.24933936611344,3.87904568157341,-1.81413204403746e-13
B_52,-27.3941539076793,-13.059470141847,4.42470153203343,4.02233079802317,10.3467086496451,0.922813034119044,4.63341158439496,-13.0056001834927,-5.20452816593513,6.65309723229726,-4.6500476327233,-0.929815383109899,-5.05224172885898,-4.35543970279263,2.10374437534906,-6.0466172571408,-5.48003051708248,-0.624091275059609,-2.32294946455883,-1.08567063454754,0.294006965283157,-0.14114611783137,-0.0501944778260832,-3.6878314967833,2.13436462256008,-5.47208496084439,1.78499786313573,7.18662754336865,-5.4160248885368,0.343227371426646,-1.79031034899917,1.29893904824164,2.28412605931702,-2.51452788990404,-1.34734888269096,-2.93887353157234,0.541377440649533,-2.36684190941237,6.1986490664445,-1.12636197402901,2.27626031816645,-2.23432940804331,1.10335513897261,-4.36662147778979,-0.927331412235713,1.79178668707666,0.0852650218931203,-3.49113573358896,-4.32743809475631,-1.15565569440313,-0.945436921124574,-1.84366765694592,-2.78442549181706,-4.3289990918775,-1.4398599129976,2.55351099923856,3.56343006566346,-1.77230580428493e-13
B_53,27.4619224255057,2.63587899227849,-3.60215185041482,8.42316535311885,1.86640331750216,0.970748936844826,6.39079231353355,-1.03799838134411,5.47688163277115,0.0511407604217808,9.82074586373921,-0.565856577650514,-1.71488755937607,1.61282475804139,1.48636496260206,-0.0768791297621931,-4.41803120179918,-2.26062356946316,-0.247870222641934,3.46524737768005,9.92979253684343,-0.02073295229884,-5.56721680801856,-1.40614651174167,-1.3804137939239,-6.46809658202011,2.04985966802897,-1.18696937170424,-1.72251082373523,-4.70187521589391,3.41865710635256,-1.74378234836818,-2.43282250765174,-3.95187226955758,1.23251044879061,1.22226334263255,1.79350361975523,1.76285848814533,-4.04085152517794,2.67596414743174,0.975980822919224,-2.22007211167027,1.07995300871305,-5.66814829884821,-5.34345571569953,-0.680644869316305,6.92155920290772,0.845185095981009,0.778751134247005,0.0628509064544398,0.922317944687656,0.130619470576965,-2.81590627317383,3.77594209917274,1.43240759195997,1.63144377517191,-3.17677396914167,-1.76596507894397e-13
B_54,29.8054385215682,0.0523775372532904,6.85517860466254,6.69512274956542,2.10283248027103,5.0285172917042,6.63829633719517,-0.636993856501599,-0.0420402679152155,-1.22122242363254,2.5606524448245,13.5451720018506,5.96831830672884,0.418786569086917,-4.76687526112047,-0.356331065559052,-4.91781784321874,0.0288243338460809,-5.69301764428928,-4.32232188463326,-4.99247576799848,-6.37954196864961,-7.72386681257012,3.34209065662384,-5.93862755848722,2.18923978884521,-3.00727782713178,-1.68890907715032,1.34342897123206,5.35343999324737,-3.64424574592981,0.487686703424006,1.99998336549731,6.64319412805869,1.09608495900074,4.44075168931878,1.06098442026578,-2.61522375903384,-1.62551137991727,0.53051007441871,2.37655551640743,-3.48358174043472,4.17981066298672,-1.07089382511876,-2.13580670111133,0.725150889487668,1.05647190729061,0.259540110599696,-0.792505497716324,2.21393261104296,-2.45244965206675,-1.26122707574816,-1.51811422250261,-1.69390605680507,-2.45686166018321,-1.91195982487136,0.568154781006541,-1.79602815436225e-13
B_55,22.189197711536,3.75477067292408,1.59846998439702,14.3657809288493,8.46576376527895,-1.65993508642045,6.59754201045613,10.0752581713471,0.492158918733212,-2.98190612071415,-7.42655382380187,2.72202818327914,-1.25977240636184,2.86392098866892,5.56086670367442,-2.73124939120975,-1.50312176265995,7.15258489925408,2.39837372947921,1.56695566042527,2.54907515825987,1.62655001269664,4.8674462887463,5.03956910516587,-4.74909279979797,2.86325232749931,2.76240579409726,2.38920585193434,0.0975277264551369,2.90153909577508,1.8570152427121,-4.74531583912604,1.43192457536116,-0.847824867279279,0.528762078405969,-4.16768688202022,-3.21320234583325,2.45977279832113,6.8615053093248,4.19505964021204,-3.66837720808669,2.15292153779043,0.658480983864712,2.7379555211645,1.12515972906703,0.608547351531129,4.62351377074098,-3.3564594370642,-0.771670716022082,2.68242721530592,-0.657879148315313,0.499838274046167,-2.09268521105457,-0.434762875889169,-1.85081155961064,-3.78126627703366,-3.28623675854244,-1.77907673432105e-13
B_56,22.552707434428,15.7239114041783,-9.24845797512598,18.3036441106303,4.91112020101931,2.11047443317054,11.205912043095,8.10206238292556,-1.94941843475589,0.22706343867071,-1.19584152803472,3.88737812213918,-3.32844309365101,-0.67414325646986,4.93074562852539,5.61555621773924,5.13321614013021,-1.86874891579821,-1.43156100049456,0.610416037495092,1.00052323416022,-2.65172391453368,2.02942412794334,-1.72770698869328,1.97010750276675,0.216660885566834,1.70956351330093,-0.817938980599688,3.09199485677671,-0.0306940186315271,5.52884728169219,4.37936678645088,4.21499862088265,-0.214536533166295,0.817467355345089,1.24998062139962,2.572402629744,-1.36174915282251,1.11021512549068,-2.36487648271031,1.93215193073563,-1.07792116672334,0.763758434836502,0.158609353828205,6.65640379367746,-0.0344177622984309,-1.94709641317114,-1.43495827705591,3.92335079294298,0.146105521529467,-2.48328592833179,-4.20245321555834,1.51771793129761,3.80905870297459,-1.41568445527017,6.56594364219265,2.3059116317305,-1.75236257078457e-13
B_57,24.3904123682603,-4.5716339565519,8.5313291470243,4.78785287059002,5.71850157442771,-10.0961122163902,-0.547656430008782,1.90340645186456,5.08946284380898,1.81256195374637,-3.83325615509499,1.1134368711351,-4.16406891946432,5.87288521036211,3.98748091076138,2.50551825165921,-1.01820103004314,-3.75680108082629,3.07905933504238,-2.67347137165912,-4.29304563571896,1.72799434969776,6.99137355422594,-0.224164770286766,-4.50422940575802,1.95997368227021,-0.491311155912933,1.80563209417698,0.213600189412773,-0.516871931768574,-0.366829615776357,0.825508253562052,2.23071878775603,4.05245381485278,-2.76043288023956,1.3797796955373,2.26785421030168,-5.3194263668601,-1.86460489723375,-7.99994656958834,0.235174935036222,-0.371372130000293,-4.28284978883677,-1.28967122152993,-5.38027809635629,0.884248944352768,-1.7551399099911,-1.12669785319766,-0.370863656110932,-1.45282537118341,7.93255796925636,0.563239512044012,-3.28641163934305,1.34764828020029,0.962752787078348,0.91401281253887,-3.32479964776477,-1.82875172514568e-13
B_58,28.2503939796593,13.3158715372096,-8.62137649411602,7.26393601599845,6.20974601134239,11.6050848701991,16.1116379148671,-0.660438932023972,-4.60682302141267,-2.06659683775196,2.29576707589855,-3.94998347969354,-0.162913033491859,1.0441255033588,5.73701495979914,4.02158180807462,-2.36162380082148,-7.4403821611935,2.10884468618934,4.53538288445591,1.36612948455923,-7.39860682815773,3.38622470043891,-4.4643359427247,0.211885739326136,1.65760740905109,0.437594413181447,-0.775487475166011,-2.15902693654086,-0.273850904004806,-2.86209338099317,-2.87303177641432,-4.23532759740155,-0.961698725352165,0.888403202478779,0.422245188926704,-0.615629808158431,-2.43380461489877,-0.572968140819542,-2.16347727959512,0.397586013881027,1.01544603863953,-2.03359182020095,2.03107668433063,-0.308595690599621,1.64480379852006,-2.90976066228207,2.85771236708927,-1.64960327306739,-1.90220202473779,-2.98253801829845,6.94204275277565,2.08632589976221,-3.48867773797095,2.68888440866574,-3.99303460080341,1.71803335725302,-1.78985884644188e-13
